case,year,gea_region,mean_price_$/MWh,min_price_$/MWh,max_price_$/MWh,std_price_$/MWh,lcoe_$/MWh,spread_$/MWh,npv_$B,viable
HighDemand,2030,CAISO,59.75324200913242,18.1,1718.7,138.0772055176136,199.92925602570676,-140.17601401657436,-2.946678141855977,False
HighDemand,2030,ERCOT,45.615034246575334,18.6,1263.3,98.44793391900716,199.92925602570676,-154.31422177913143,-3.4127518428432007,False
HighDemand,2030,FRCC,58.793150684931504,33.8,1462.9,112.15221495085902,199.92925602570676,-141.13610534077526,-2.9783280740306286,False
HighDemand,2030,ISONE,37.7745205479452,20.9,196.8,22.999497892539708,199.92925602570676,-162.15473547776156,-3.671218637116752,False
HighDemand,2030,MISO Central,48.025627853881275,25.0,586.1,64.5491516878732,199.92925602570676,-151.9036281718255,-3.3332853147653867,False
HighDemand,2030,MISO North,46.63712328767124,18.1,388.5,53.98318496391088,199.92925602570676,-153.29213273803552,-3.3790581222442118,False
HighDemand,2030,MISO South,50.876575342465756,30.1,486.5,56.99350322790773,199.92925602570676,-149.05268068324102,-3.239302281721849,False
HighDemand,2030,Northern Grid East,39.50728310502283,16.1,593.5,62.433840760204205,199.92925602570676,-160.42197292068394,-3.614097177913977,False
HighDemand,2030,Northern Grid South,46.541609589041094,15.3,1023.0,91.31573711648021,199.92925602570676,-153.38764643666568,-3.382206783217595,False
HighDemand,2030,Northern Grid West,38.136997716894975,7.3,570.4,55.57480905695394,199.92925602570676,-161.7922583088118,-3.6592693802878062,False
HighDemand,2030,NYISO,54.73623287671233,40.7,188.6,17.789239473904544,199.92925602570676,-145.19302314899443,-3.11206657393337,False
HighDemand,2030,PJM East,54.504326484018264,28.8,851.3,86.10268707856402,199.92925602570676,-145.4249295416885,-3.1197114941764976,False
HighDemand,2030,PJM West,50.420719178082194,16.2,602.9,90.10897203532843,199.92925602570676,-149.50853684762455,-3.2543298278734025,False
HighDemand,2030,SERTP,56.681940639269406,30.9,1355.9,113.6877138029871,199.92925602570676,-143.24731538643735,-3.0479252603266924,False
HighDemand,2030,SPP North,30.15294520547945,10.6,153.2,19.08198283594594,199.92925602570676,-169.7763108202273,-3.92246800951765,False
HighDemand,2030,SPP South,31.306575342465752,11.8,121.0,18.457329109618268,199.92925602570676,-168.62268068324101,-3.8844379652188565,False
HighDemand,2030,West Connect North,34.90144977168949,19.2,225.8,21.817408144105304,199.92925602570676,-165.02780625401726,-3.7659309763592153,False
HighDemand,2030,West Connect South,46.11440639269406,18.0,1123.8,93.05670195508338,199.92925602570676,-153.8148496330127,-3.3962897687090337,False
HighNG,2030,CAISO,62.64808219178084,18.0,1663.8,133.90262283732423,199.92925602570676,-137.28117383392592,-2.8512481623032193,False
HighNG,2030,ERCOT,46.64503424657534,18.4,1146.9,91.71277720546115,199.92925602570676,-153.28422177913143,-3.3787973331854637,False
HighNG,2030,FRCC,63.17956621004567,33.5,1584.9,121.93494919786076,199.92925602570676,-136.7496898156611,-2.8337275028555435,False
HighNG,2030,ISONE,41.8308105022831,23.8,212.4,24.30025230116271,199.92925602570676,-158.09844552342366,-3.5375008347583545,False
HighNG,2030,MISO Central,51.8691095890411,26.7,701.5,70.58405294257886,199.92925602570676,-148.06014643666566,-3.2065828509830356,False
HighNG,2030,MISO North,49.90872146118721,17.4,328.5,53.139208208725414,199.92925602570676,-150.02053456451955,-3.2712081108084035,False
HighNG,2030,MISO South,55.41147260273973,27.6,567.5,66.31993174521433,199.92925602570676,-144.51778342296703,-3.089806929468627,False
HighNG,2030,Northern Grid East,41.790570776255706,15.6,652.4,69.23088868142182,199.92925602570676,-158.13868524945104,-3.538827359191387,False
HighNG,2030,Northern Grid South,50.8032305936073,15.0,1135.3,100.7814277203554,199.92925602570676,-149.12602543209945,-3.241720131220353,False
HighNG,2030,Northern Grid West,40.92357305936073,9.7,554.8,58.313859856714146,199.92925602570676,-159.00568296634603,-3.567408410018132,False
HighNG,2030,NYISO,53.33763698630136,37.4,186.6,18.199952835899097,199.92925602570676,-146.5916190394054,-3.1581720473976715,False
HighNG,2030,PJM East,53.60811643835616,31.3,722.4,71.05928293314493,199.92925602570676,-146.32113958735061,-3.1492555452937747,False
HighNG,2030,PJM West,48.40513698630137,17.6,501.8,73.32059609353237,199.92925602570676,-151.52411903940538,-3.3207745900062036,False
HighNG,2030,SERTP,59.08705479452055,31.4,1296.7,111.2996738067964,199.92925602570676,-140.8422012311862,-2.9686393653631615,False
HighNG,2030,SPP North,30.23816210045662,9.7,155.4,19.4833109487642,199.92925602570676,-169.69109392525013,-3.919658788271528,False
HighNG,2030,SPP South,35.239212328767124,11.8,178.7,27.37342481147097,199.92925602570676,-164.69004369693965,-3.754796450139493,False
HighNG,2030,West Connect North,33.977648401826485,19.0,158.6,15.987308120944071,199.92925602570676,-165.95160762388028,-3.796384590470715,False
HighNG,2030,West Connect South,49.48747716894977,17.4,1181.8,98.99828846143178,199.92925602570676,-150.441778856757,-3.2850946577880564,False
HighRE,2030,CAISO,60.385034246575344,16.9,1782.4,142.84826624730817,199.92925602570676,-139.54422177913142,-2.9258507674599192,False
HighRE,2030,ERCOT,47.222739726027406,17.2,1347.2,108.67941333319867,199.92925602570676,-152.70651629967935,-3.3597529581549956,False
HighRE,2030,FRCC,58.703949771689494,32.5,1537.1,121.67249407918592,199.92925602570676,-141.22530625401726,-2.981268630603594,False
HighRE,2030,ISONE,37.64865296803652,21.7,202.0,23.117393736376812,199.92925602570676,-162.28060305767025,-3.675367930279475,False
HighRE,2030,MISO Central,52.91947488584475,25.9,792.9,86.14753560105602,199.92925602570676,-147.009781139862,-3.1719569882505394,False
HighRE,2030,MISO North,52.01908675799086,19.1,401.7,62.78004171692445,199.92925602570676,-147.9101692677159,-3.2016387721174584,False
HighRE,2030,MISO South,54.617568493150685,29.7,623.1,74.4287186850099,199.92925602570676,-145.31168753255608,-3.1159784098146055,False
HighRE,2030,Northern Grid East,43.85961187214612,16.2,870.8,85.83495418340193,199.92925602570676,-156.06964415356066,-3.470620295237342,False
HighRE,2030,Northern Grid South,50.447226027397264,14.7,1331.7,118.73418399486343,199.92925602570676,-149.48202999830949,-3.253456015183048,False
HighRE,2030,Northern Grid West,42.96084474885845,6.9,675.1,70.69587168146653,199.92925602570676,-156.96841127684831,-3.500248641807951,False
HighRE,2030,NYISO,54.64131278538813,39.0,192.5,18.11851143156558,199.92925602570676,-145.28794324031864,-3.1151956663193707,False
HighRE,2030,PJM East,55.69477168949773,28.7,958.5,94.85464084836856,199.92925602570676,-144.23448433620905,-3.0804678211410996,False
HighRE,2030,PJM West,52.03418949771689,16.3,681.0,98.06022991339194,199.92925602570676,-147.89506652798988,-3.20114090209621,False
HighRE,2030,SERTP,57.024143835616435,30.7,1432.2,120.03614002194273,199.92925602570676,-142.90511219009034,-3.0366443460206014,False
HighRE,2030,SPP North,30.64385844748858,10.6,152.9,18.59687737568008,199.92925602570676,-169.28539757821818,-3.9062847877536595,False
HighRE,2030,SPP South,31.98917808219178,12.8,122.7,17.82977082396051,199.92925602570676,-167.94007794351498,-3.861935595006792,False
HighRE,2030,West Connect North,37.29294520547945,19.2,290.4,29.308003691259163,199.92925602570676,-162.63631082022732,-3.687094029948481,False
HighRE,2030,West Connect South,49.92507990867579,17.5,1434.2,119.35482456152468,199.92925602570676,-150.00417611703097,-3.270668845698465,False
HighRELowNG,2030,CAISO,60.156609589041096,17.3,1803.5,144.31980264594802,199.92925602570676,-139.77264643666567,-2.9333809104116795,False
HighRELowNG,2030,ERCOT,46.5213698630137,17.8,1320.0,104.95811865302673,199.92925602570676,-153.40788616269305,-3.3828739967834838,False
HighRELowNG,2030,FRCC,58.28625570776256,31.9,1540.4,122.090863594271,199.92925602570676,-141.6430003179442,-2.9950381423779504,False
HighRELowNG,2030,ISONE,37.303732876712324,20.6,200.0,23.24774601912497,199.92925602570676,-162.62552314899443,-3.686738408504733,False
HighRELowNG,2030,MISO Central,52.6187899543379,25.8,773.6,85.66476911476246,199.92925602570676,-147.31046607136886,-3.1818692303969325,False
HighRELowNG,2030,MISO North,51.67197488584474,19.0,415.5,63.71648214561964,199.92925602570676,-148.25728113986202,-3.21308150358843,False
HighRELowNG,2030,MISO South,54.08505707762557,29.0,623.7,74.11536530127228,199.92925602570676,-145.84419894808119,-3.133532937971212,False
HighRELowNG,2030,Northern Grid East,44.126552511415525,16.4,906.2,88.5210676778021,199.92925602570676,-155.80270351429124,-3.461820452019754,False
HighRELowNG,2030,Northern Grid South,50.423356164383556,15.0,1364.5,121.63892340598177,199.92925602570676,-149.5058998613232,-3.254242898187155,False
HighRELowNG,2030,Northern Grid West,43.23296803652968,7.1,682.1,72.350261758883,199.92925602570676,-156.69628798917708,-3.4912779497697692,False
HighRELowNG,2030,NYISO,53.45925799086758,39.1,162.1,14.713663660280874,199.92925602570676,-146.4699980348392,-3.154162744898519,False
HighRELowNG,2030,PJM East,54.93922374429224,28.3,938.0,92.94003324106077,199.92925602570676,-144.99003228141453,-3.105374869687085,False
HighRELowNG,2030,PJM West,51.35678082191781,16.2,663.6,95.75862633699062,199.92925602570676,-148.57247520378894,-3.223472047168692,False
HighRELowNG,2030,SERTP,55.92095890410959,30.3,1377.5,115.59675787230087,199.92925602570676,-144.00829712159717,-3.0730114367110075,False
HighRELowNG,2030,SPP North,30.713789954337898,10.4,159.6,19.38899058630647,199.92925602570676,-169.21546607136887,-3.903979457632596,False
HighRELowNG,2030,SPP South,31.926643835616442,12.7,123.5,18.37412353492813,199.92925602570676,-168.00261219009033,-3.8639970704235713,False
HighRELowNG,2030,West Connect North,37.34441780821918,19.3,298.3,30.16199154033628,199.92925602570676,-162.58483821748757,-3.6853972076311665,False
HighRELowNG,2030,West Connect South,50.15478310502284,18.0,1464.2,121.99507055483423,199.92925602570676,-149.77447292068393,-3.263096555020039,False
LowNG,2030,CAISO,60.09382420091325,18.5,1766.1,141.56859794526562,199.92925602570676,-139.83543182479352,-2.935450664846196,False
LowNG,2030,ERCOT,45.502420091324204,18.4,1254.1,100.4485297040924,199.92925602570676,-154.42683593438255,-3.4164642296607477,False
LowNG,2030,FRCC,58.38393835616438,32.0,1523.1,121.3665570027026,199.92925602570676,-141.54531766954238,-2.9918179807968297,False
LowNG,2030,ISONE,37.49921232876713,21.1,202.9,23.597708281474386,199.92925602570676,-162.43004369693963,-3.680294322152612,False
LowNG,2030,MISO Central,51.19125570776256,24.9,709.0,79.47290239933858,199.92925602570676,-148.7380003179442,-3.228928672496053,False
LowNG,2030,MISO North,50.11908675799087,16.9,394.0,60.18258044963632,199.92925602570676,-149.81016926771588,-3.2642733044958088,False
LowNG,2030,MISO South,52.928367579908674,28.9,594.9,70.72702363468329,199.92925602570676,-147.0008884457981,-3.1716638357588147,False
LowNG,2030,Northern Grid East,40.97623287671233,15.7,691.1,71.62637757700872,199.92925602570676,-158.95302314899442,-3.565672450526053,False
LowNG,2030,Northern Grid South,47.97509132420091,15.6,1155.5,103.20321222840434,199.92925602570676,-151.95416470150585,-3.3349512789256774,False
LowNG,2030,Northern Grid West,39.73981735159818,8.6,581.6,61.616850208745696,199.92925602570676,-160.1894386741086,-3.606431560126505,False
LowNG,2030,NYISO,53.94972602739726,38.3,189.8,17.974531193175437,199.92925602570676,-145.9795299983095,-3.137994199575063,False
LowNG,2030,PJM East,54.08657534246576,28.1,873.8,87.55974686939979,199.92925602570676,-145.842680683241,-3.1334828875457945,False
LowNG,2030,PJM West,49.83377853881279,15.1,613.1,90.94495792273145,199.92925602570676,-150.09547748689397,-3.273678644965239,False
LowNG,2030,SERTP,55.56786529680365,30.3,1326.0,111.51810148747145,199.92925602570676,-144.3613907289031,-3.08465135933174,False
LowNG,2030,SPP North,29.74528538812785,9.4,161.4,19.978319656849212,199.92925602570676,-170.1839706375789,-3.935906736901472,False
LowNG,2030,SPP South,31.182716894977165,11.4,125.7,19.015376688599922,199.92925602570676,-168.7465391307296,-3.888521026239675,False
LowNG,2030,West Connect North,34.52858447488584,19.0,214.9,21.592679141709965,199.92925602570676,-165.40067155082093,-3.7782226834673263,False
LowNG,2030,West Connect South,47.88918949771689,18.1,1289.2,106.58682258877687,199.92925602570676,-152.04006652798986,-3.337783079311084,False
LowRE,2030,CAISO,59.732545662100456,19.2,1685.3,135.6428251343011,199.92925602570676,-140.19671036360631,-2.947360408181392,False
LowRE,2030,ERCOT,42.319006849315066,18.4,984.8,77.7808378883961,199.92925602570676,-157.6102491763917,-3.5214071769135313,False
LowRE,2030,FRCC,57.65880136986301,33.1,1408.3,109.53595089729329,199.92925602570676,-142.27045465584376,-3.0157225155585325,False
LowRE,2030,ISONE,37.9087899543379,21.1,204.2,23.634535482754067,199.92925602570676,-162.02046607136887,-3.6667923731787915,False
LowRE,2030,MISO Central,47.88230593607306,24.4,580.4,64.59284010520186,199.92925602570676,-152.0469500896337,-3.338009999660905,False
LowRE,2030,MISO North,46.75527397260275,16.2,335.8,50.37665697598069,199.92925602570676,-153.173982053104,-3.3751632207174405,False
LowRE,2030,MISO South,50.737009132420084,29.2,505.7,58.46540002588822,199.92925602570676,-149.19224689328666,-3.2439031576702853,False
LowRE,2030,Northern Grid East,38.410616438356165,15.6,541.7,58.91008963890515,199.92925602570676,-161.5186395873506,-3.650249390462184,False
LowRE,2030,Northern Grid South,46.11624429223744,15.8,975.4,86.68052771912703,199.92925602570676,-153.81301173346932,-3.39622918135195,False
LowRE,2030,Northern Grid West,36.63569634703197,9.9,469.4,49.835179286245875,199.92925602570676,-163.2935596786748,-3.708760595687988,False
LowRE,2030,NYISO,53.42619863013699,37.6,186.2,17.917885943691562,199.92925602570676,-146.50305739556978,-3.1552525646880394,False
LowRE,2030,PJM East,53.12176940639269,28.4,817.7,81.52114680590286,199.92925602570676,-146.8074866193141,-3.165288239462528,False
LowRE,2030,PJM West,48.49269406392694,15.1,567.1,84.99127631329597,199.92925602570676,-151.43656196177983,-3.3178882233675244,False
LowRE,2030,SERTP,54.910753424657536,31.0,1238.5,103.574358685236,199.92925602570676,-145.01850260104922,-3.106313409243389,False
LowRE,2030,SPP North,29.571929223744295,8.7,169.4,21.090857125042675,199.92925602570676,-170.35732680196247,-3.9416215170546653,False
LowRE,2030,SPP South,31.296757990867576,10.6,137.0,20.371051534737457,199.92925602570676,-168.6324980348392,-3.884761599548617,False
LowRE,2030,West Connect North,33.13408675799087,19.0,172.7,17.44595405756803,199.92925602570676,-166.7951692677159,-3.824193058414901,False
LowRE,2030,West Connect South,45.083002283105024,18.2,1024.9,85.44023010257949,199.92925602570676,-154.84625374260173,-3.430290565602305,False
LowREHighNG,2030,CAISO,62.34658675799086,19.1,1618.9,130.5840684348173,199.92925602570676,-137.58266926771591,-2.8611871230977686,False
LowREHighNG,2030,ERCOT,42.100936073059366,18.5,828.8,65.54930020308862,199.92925602570676,-157.8283199526474,-3.528595998543089,False
LowREHighNG,2030,FRCC,62.39518264840183,34.8,1470.1,113.33273452200845,199.92925602570676,-137.53407337730494,-2.8595851331654516,False
LowREHighNG,2030,ISONE,41.7376598173516,23.6,209.2,24.087277060993067,199.92925602570676,-158.19159620835518,-3.5405715977012013,False
LowREHighNG,2030,MISO Central,47.625296803652965,25.9,507.1,53.19535916585256,199.92925602570676,-152.3039592220538,-3.346482445358852,False
LowREHighNG,2030,MISO North,45.32848173515982,16.9,267.4,41.837130561085125,199.92925602570676,-154.60077429054695,-3.422198202082334,False
LowREHighNG,2030,MISO South,51.28534246575343,28.0,433.2,49.605565582451156,199.92925602570676,-148.64391355995332,-3.2258270513961818,False
LowREHighNG,2030,Northern Grid East,39.3674200913242,15.2,527.9,58.09356134767776,199.92925602570676,-160.56183593438257,-3.618707838156104,False
LowREHighNG,2030,Northern Grid South,48.46534246575343,15.1,978.3,86.3629429914416,199.92925602570676,-151.46391355995334,-3.3187898836629977,False
LowREHighNG,2030,Northern Grid West,38.54852739726028,9.6,467.2,49.346182187293664,199.92925602570676,-161.3807286284465,-3.6457030807670203,False
LowREHighNG,2030,NYISO,51.55085616438356,34.2,246.7,25.867505120996704,199.92925602570676,-148.3783998613232,-3.2170742480521057,False
LowREHighNG,2030,PJM East,48.18123287671233,31.0,471.7,46.1205665039405,199.92925602570676,-151.74802314899443,-3.3281557106386774,False
LowREHighNG,2030,PJM West,42.743013698630136,17.0,331.8,48.500702641003514,199.92925602570676,-157.18624232707663,-3.5074295607387596,False
LowREHighNG,2030,SERTP,54.34326484018265,31.4,971.9,83.59383438040419,199.92925602570676,-145.5859911855241,-3.1250209787795153,False
LowREHighNG,2030,SPP North,29.701643835616437,9.1,157.0,19.782338579456013,199.92925602570676,-170.22761219009033,-3.937345404392954,False
LowREHighNG,2030,SPP South,32.036929223744295,10.9,130.9,19.9664656172827,199.92925602570676,-167.89232680196247,-3.860361452679595,False
LowREHighNG,2030,West Connect North,34.71114155251142,18.8,190.6,19.464742251935956,199.92925602570676,-165.21811447319533,-3.7722045902097285,False
LowREHighNG,2030,West Connect South,47.03664383561643,18.0,986.1,82.48594431069748,199.92925602570676,-152.89261219009035,-3.3658877102989027,False
MidCase,2030,CAISO,60.19244292237443,18.3,1738.9,139.55263196733088,199.92925602570676,-139.73681310333234,-2.9321996451080534,False
MidCase,2030,ERCOT,45.66511415525114,18.1,1229.1,99.06130239550107,199.92925602570676,-154.26414187045563,-3.4111009314424323,False
MidCase,2030,FRCC,59.15167808219177,32.7,1557.6,122.46562352216489,199.92925602570676,-140.77757794351498,-2.966509023571563,False
MidCase,2030,ISONE,37.64557077625571,21.2,199.8,23.17598709100113,199.92925602570676,-162.28368524945105,-3.675469536406261,False
MidCase,2030,MISO Central,51.57593607305936,25.1,731.2,80.39854016777959,199.92925602570676,-148.3533199526474,-3.2162474752352637,False
MidCase,2030,MISO North,50.50376712328767,17.2,401.3,60.859517885994066,199.92925602570676,-149.4254889024191,-3.25159210723502,False
MidCase,2030,MISO South,53.7905593607306,29.1,609.3,72.05992679015283,199.92925602570676,-146.13869666497618,-3.143241215226057,False
MidCase,2030,Northern Grid East,40.95587899543379,15.8,690.8,71.42408475609352,199.92925602570676,-158.97337703027296,-3.566343427281825,False
MidCase,2030,Northern Grid South,48.20938356164383,15.4,1149.3,102.44527854850256,199.92925602570676,-151.71987246406292,-3.3272277080140387,False
MidCase,2030,Northern Grid West,39.63126712328767,8.7,581.2,60.9011458210873,199.92925602570676,-160.2979889024191,-3.61000997738429,False
MidCase,2030,NYISO,54.44859589041096,39.4,187.5,17.901883279954532,199.92925602570676,-145.4806601352958,-3.121548683476372,False
MidCase,2030,PJM East,54.72996575342466,28.6,885.2,88.82049950814024,199.92925602570676,-145.1992902722821,-3.1122731730578344,False
MidCase,2030,PJM West,50.34539954337899,15.6,606.8,92.16180874012468,199.92925602570676,-149.58385648232777,-3.2568127805568468,False
MidCase,2030,SERTP,56.96472602739726,30.8,1404.6,117.65163015302706,199.92925602570676,-142.9645299983095,-3.0386030863536293,False
MidCase,2030,SPP North,29.562625570776255,9.5,158.7,19.53275145512654,199.92925602570676,-170.36663045493052,-3.941928217029962,False
MidCase,2030,SPP South,31.29299086757991,11.6,122.8,18.64818392384231,199.92925602570676,-168.63626515812686,-3.884885784814687,False
MidCase,2030,West Connect North,34.417808219178085,19.1,206.3,20.661105513520948,199.92925602570676,-165.51144780652868,-3.7818744829277895,False
MidCase,2030,West Connect South,47.820331050228305,17.8,1252.4,104.00038268778377,199.92925602570676,-152.10892497547846,-3.340053035447268,False
HighDemand,2035,CAISO,56.46825342465754,12.0,1684.2,136.40714558895266,199.92925602570676,-143.46100260104922,-3.0549695754648214,False
HighDemand,2035,ERCOT,42.53058219178082,13.8,1166.7,93.09907507855796,199.92925602570676,-157.39867383392595,-3.514432480788199,False
HighDemand,2035,FRCC,55.57987442922374,28.4,1456.8,112.5037562751201,199.92925602570676,-144.34938159648303,-3.0842554717562667,False
HighDemand,2035,ISONE,38.98517123287671,18.8,311.5,34.32374117414734,199.92925602570676,-160.94408479283004,-3.6313088794724284,False
HighDemand,2035,MISO Central,46.490022831050226,21.8,560.3,60.61827750045993,199.92925602570676,-153.43923319465654,-3.3839073687247905,False
HighDemand,2035,MISO North,44.68243150684931,15.1,330.3,51.09696113059796,199.92925602570676,-155.24682451885747,-3.44349559889452,False
HighDemand,2035,MISO South,47.895890410958906,24.3,565.4,60.91121946429294,199.92925602570676,-152.03336561474785,-3.3375621800650737,False
HighDemand,2035,Northern Grid East,37.534132420091325,12.9,528.9,59.246571018445046,199.92925602570676,-162.39512360561542,-3.6791431623680335,False
HighDemand,2035,Northern Grid South,44.4198401826484,10.8,1060.7,93.88240040799528,199.92925602570676,-155.50941584305838,-3.452152064577645,False
HighDemand,2035,Northern Grid West,37.35815068493151,6.2,477.9,53.50729269849578,199.92925602570676,-162.57110534077526,-3.6849444958884887,False
HighDemand,2035,NYISO,53.050388127853886,33.3,292.3,32.13725224073329,199.92925602570676,-146.87886789785287,-3.1676413620950785,False
HighDemand,2035,PJM East,52.32256849315068,25.9,909.0,86.91102592811644,199.92925602570676,-147.60668753255607,-3.191634331818982,False
HighDemand,2035,PJM West,48.65868721461187,14.7,689.3,90.54454528153568,199.92925602570676,-151.2705688110949,-3.3124161689616507,False
HighDemand,2035,SERTP,53.986746575342465,27.3,1283.9,110.16576971253761,199.92925602570676,-145.9425094503643,-3.1367737970966765,False
HighDemand,2035,SPP North,32.05689497716895,9.0,165.0,24.23070630952339,199.92925602570676,-167.8723610485378,-3.85970327076942,False
HighDemand,2035,SPP South,29.435947488584475,10.7,160.9,20.255797496205577,199.92925602570676,-170.4933085371223,-3.9461042288408406,False
HighDemand,2035,West Connect North,35.089155251141555,14.7,205.7,26.43269433637076,199.92925602570676,-164.8401007745652,-3.7597431632379865,False
HighDemand,2035,West Connect South,43.428470319634705,11.1,1113.3,93.18038833010718,199.92925602570676,-156.50078570607207,-3.484833110779672,False
HighNG,2035,CAISO,61.329611872146124,11.7,1573.2,128.1363996147935,199.92925602570676,-138.59964415356063,-2.8947122527900895,False
HighNG,2035,ERCOT,45.3287100456621,13.0,1141.9,92.95802761642493,199.92925602570676,-154.60054598004467,-3.422190675702572,False
HighNG,2035,FRCC,62.296655251141544,27.3,1543.1,120.61712741574998,199.92925602570676,-137.63260077456522,-2.862833142351691,False
HighNG,2035,ISONE,43.20017123287671,20.3,309.8,34.13474560146326,199.92925602570676,-156.72908479283006,-3.492359114222561,False
HighNG,2035,MISO Central,51.4786301369863,21.1,820.7,73.27142876949078,199.92925602570676,-148.45062588872048,-3.2194552182897764,False
HighNG,2035,MISO North,48.66947488584475,13.2,465.2,58.664617736362004,199.92925602570676,-151.259781139862,-3.3120605475179015,False
HighNG,2035,MISO South,53.63683789954339,19.3,713.1,74.41672264930871,199.92925602570676,-146.29241812616337,-3.1483087267197294,False
HighNG,2035,Northern Grid East,40.08882420091324,11.9,553.1,66.26678866787387,199.92925602570676,-159.84043182479354,-3.5949263597035093,False
HighNG,2035,Northern Grid South,50.64789954337899,10.3,1155.8,102.0425576235932,199.92925602570676,-149.28135648232777,-3.246840703691347,False
HighNG,2035,Northern Grid West,40.741118721461184,7.6,451.8,55.42048480241546,199.92925602570676,-159.18813730424557,-3.573423116404836,False
HighNG,2035,NYISO,53.445833333333326,30.4,299.4,32.673235293687966,199.92925602570676,-146.48342269237344,-3.154605296028518,False
HighNG,2035,PJM East,54.75559360730593,28.2,803.4,76.14070621045973,199.92925602570676,-145.17366241840082,-3.111428336929562,False
HighNG,2035,PJM West,48.42109589041096,15.3,513.6,76.74752159480555,199.92925602570676,-151.5081601352958,-3.320248496060849,False
HighNG,2035,SERTP,58.43874429223744,26.3,1205.1,109.21712122948523,199.92925602570676,-141.49051173346933,-2.9900112733349915,False
HighNG,2035,SPP North,32.25601598173515,6.9,175.7,27.224124581733637,199.92925602570676,-167.67324004397162,-3.853139138660097,False
HighNG,2035,SPP South,33.536004566210046,9.8,253.9,29.95980203402198,199.92925602570676,-166.39325145949672,-3.8109436194820923,False
HighNG,2035,West Connect North,34.738652968036526,14.4,172.8,21.826352709848905,199.92925602570676,-165.19060305767024,-3.771297661448422,False
HighNG,2035,West Connect South,47.88611872146119,10.0,1124.6,95.67887372919041,199.92925602570676,-152.0431373042456,-3.337884309118882,False
HighRE,2035,CAISO,57.249988584474885,11.3,1746.6,141.1579061720799,199.92925602570676,-142.67926744123187,-3.0291992511601507,False
HighRE,2035,ERCOT,43.93077625570776,12.5,1296.8,106.76264580424866,199.92925602570676,-155.998479769999,-3.468274322665564,False
HighRE,2035,FRCC,56.225719178082194,29.1,1584.1,122.53576600019468,199.92925602570676,-143.70353684762458,-3.0629648486858643,False
HighRE,2035,ISONE,37.64461187214611,17.8,339.4,37.19471492026847,199.92925602570676,-162.28464415356066,-3.6755011472012598,False
HighRE,2035,MISO Central,50.6770890410959,23.0,940.8,88.43431562140265,199.92925602570676,-149.25216698461088,-3.245878456038789,False
HighRE,2035,MISO North,49.52448630136986,16.1,478.6,63.569817439047526,199.92925602570676,-150.40476972433692,-3.2838746316286564,False
HighRE,2035,MISO South,51.22439497716894,22.7,794.5,85.4129657401552,199.92925602570676,-148.70486104853782,-3.227836218473615,False
HighRE,2035,Northern Grid East,41.46221461187215,13.3,805.3,83.29794591540436,199.92925602570676,-158.4670414138346,-3.5496517985649194,False
HighRE,2035,Northern Grid South,48.06198630136986,10.9,1350.2,119.7438241233731,199.92925602570676,-151.8672697243369,-3.3320867387883077,False
HighRE,2035,Northern Grid West,41.547488584474884,6.1,566.8,67.56858141626206,199.92925602570676,-158.3817674412319,-3.5468406957238585,False
HighRE,2035,NYISO,51.81769406392694,30.6,337.0,37.42902250570922,199.92925602570676,-148.1115619617798,-3.2082777917054113,False
HighRE,2035,PJM East,53.9554794520548,26.4,1029.0,98.16662339832038,199.92925602570676,-145.97377657365195,-3.1378045348050643,False
HighRE,2035,PJM West,50.65117579908675,14.4,668.2,100.54499169417579,199.92925602570676,-149.27808022662,-3.2467327001417647,False
HighRE,2035,SERTP,55.11840182648401,27.7,1415.3,120.18441299572174,199.92925602570676,-144.81085419922275,-3.099468166849962,False
HighRE,2035,SPP North,32.01368721461188,8.6,166.4,24.565836174500422,199.92925602570676,-167.9155688110949,-3.861127638139355,False
HighRE,2035,SPP South,30.477465753424656,11.1,207.7,22.78380385789714,199.92925602570676,-169.4517902722821,-3.911770013324116,False
HighRE,2035,West Connect North,37.076815068493154,15.0,291.5,33.31210963796815,199.92925602570676,-162.85244095721362,-3.6942188773500644,False
HighRE,2035,West Connect South,47.31311643835617,10.6,1452.7,121.20233712865289,199.92925602570676,-152.6161395873506,-3.3567736407262547,False
HighRELowNG,2035,CAISO,56.2879908675799,11.7,1767.2,142.60357334146062,199.92925602570676,-143.64126515812686,-3.060912028605814,False
HighRELowNG,2035,ERCOT,42.96638127853881,13.4,1297.0,105.01057121675966,199.92925602570676,-156.96287474716794,-3.500066127098725,False
HighRELowNG,2035,FRCC,55.0167694063927,28.6,1589.3,122.65480801817034,199.92925602570676,-144.91248661931405,-3.1028185348009623,False
HighRELowNG,2035,ISONE,37.13178082191781,16.9,337.9,37.326836496762894,199.92925602570676,-162.79747520378896,-3.692406901422391,False
HighRELowNG,2035,MISO Central,49.93663242009132,22.7,930.0,88.43636047051731,199.92925602570676,-149.99262360561545,-3.270288010882513,False
HighRELowNG,2035,MISO North,48.851221461187215,16.1,467.3,63.55004780591124,199.92925602570676,-151.07803456451956,-3.3060691729084595,False
HighRELowNG,2035,MISO South,50.081632420091324,23.7,782.0,84.67068602798349,199.92925602570676,-149.84762360561544,-3.2655080070957454,False
HighRELowNG,2035,Northern Grid East,41.28414383561644,13.6,842.6,85.56117996408705,199.92925602570676,-158.64511219009032,-3.555521998460196,False
HighRELowNG,2035,Northern Grid South,47.08018264840183,11.3,1364.5,121.2238091845354,199.92925602570676,-152.84907337730493,-3.3644524296783125,False
HighRELowNG,2035,Northern Grid West,41.187294520547944,6.3,570.7,68.68489526401885,199.92925602570676,-158.74196150515883,-3.5587146887551846,False
HighRELowNG,2035,NYISO,50.8265296803653,31.2,311.0,34.38375899947606,199.92925602570676,-149.10272634534147,-3.240952064165653,False
HighRELowNG,2035,PJM East,52.542751141552515,25.7,1007.7,96.08003690066448,199.92925602570676,-147.38650488415425,-3.184375891176627,False
HighRELowNG,2035,PJM West,49.749851598173514,14.3,652.1,98.44613654861138,199.92925602570676,-150.17940442753326,-3.2764453421657067,False
HighRELowNG,2035,SERTP,53.52071917808219,27.6,1380.5,117.2750292868505,199.92925602570676,-146.4085368476246,-3.1521366434666205,False
HighRELowNG,2035,SPP North,31.797694063926947,8.2,171.5,25.56065133186443,199.92925602570676,-168.13156196177982,-3.8682479697130794,False
HighRELowNG,2035,SPP South,30.004657534246576,10.9,210.9,23.173456340477046,199.92925602570676,-169.9245984914602,-3.9273563931729902,False
HighRELowNG,2035,West Connect North,36.7241095890411,15.3,298.6,34.10486408628768,199.92925602570676,-163.20514643666567,-3.7058460051252022,False
HighRELowNG,2035,West Connect South,46.99434931506849,11.4,1485.7,123.94930088819581,199.92925602570676,-152.93490671063827,-3.36728197214979,False
LowNG,2035,CAISO,55.24117579908676,12.6,1658.6,134.28027607633985,199.92925602570676,-144.68808022662,-3.0954208561330114,False
LowNG,2035,ERCOT,41.38178082191781,12.8,1220.0,99.43030442208223,199.92925602570676,-158.54747520378896,-3.5523033421550294,False
LowNG,2035,FRCC,54.65224885844749,28.0,1527.7,119.20854848320364,199.92925602570676,-145.27700716725928,-3.114835152728776,False
LowNG,2035,ISONE,36.540901826484024,16.7,327.0,35.702744760498234,199.92925602570676,-163.38835419922273,-3.71188554856512,False
LowNG,2035,MISO Central,48.26026255707763,21.2,848.1,81.17871924714544,199.92925602570676,-151.66899346862914,-3.325550454284104,False
LowNG,2035,MISO North,46.96377853881279,13.1,460.5,60.85273969899243,199.92925602570676,-152.96547748689397,-3.368289754399905,False
LowNG,2035,MISO South,48.638504566210045,22.1,744.3,80.31432166877386,199.92925602570676,-151.29075145949673,-3.3130815009326007,False
LowNG,2035,Northern Grid East,37.72337899543379,12.4,632.8,69.42736746388957,199.92925602570676,-162.20587703027297,-3.6729045461834127,False
LowNG,2035,Northern Grid South,44.602431506849314,11.0,1173.1,103.99171333677462,199.92925602570676,-155.32682451885745,-3.4461328423630824,False
LowNG,2035,Northern Grid West,37.481849315068494,7.2,488.7,58.84506486645343,199.92925602570676,-162.44740671063826,-3.680866703333503,False
LowNG,2035,NYISO,49.42180365296804,29.2,301.5,32.20447017154515,199.92925602570676,-150.50745237273873,-3.2872596209265597,False
LowNG,2035,PJM East,51.70800228310501,25.3,947.7,90.63306438314578,199.92925602570676,-148.22125374260176,-3.211893840862006,False
LowNG,2035,PJM West,47.20270547945206,12.6,640.4,91.89981403847318,199.92925602570676,-152.7265505462547,-3.3604133979790998,False
LowNG,2035,SERTP,52.779623287671235,26.7,1278.2,109.52512658314728,199.92925602570676,-147.14963273803554,-3.1765672721736773,False
LowNG,2035,SPP North,30.188150684931507,6.8,165.1,25.42064928010382,199.92925602570676,-169.74110534077525,-3.921307441758368,False
LowNG,2035,SPP South,28.596757990867584,9.3,199.7,22.873170530747288,199.92925602570676,-171.33249803483918,-3.9737685666125873,False
LowNG,2035,West Connect North,33.516392694063924,14.4,220.5,25.823132009976938,199.92925602570676,-166.41286333164282,-3.8115901355036375,False
LowNG,2035,West Connect South,44.201815068493154,11.0,1280.9,106.38347128948418,199.92925602570676,-155.72744095721362,-3.45933938093125,False
LowRE,2035,CAISO,55.415057077625576,12.8,1575.8,128.41900896466638,199.92925602570676,-144.51419894808117,-3.089688765306366,False
LowRE,2035,ERCOT,39.4356506849315,12.8,1018.3,81.64331928609649,199.92925602570676,-160.49360534077528,-3.616458579564265,False
LowRE,2035,FRCC,53.76866438356164,28.2,1362.8,105.3135078889609,199.92925602570676,-146.1605916421451,-3.143962995045222,False
LowRE,2035,ISONE,35.861883561643836,16.5,294.6,32.13482403652755,199.92925602570676,-164.06737246406294,-3.734269754614923,False
LowRE,2035,MISO Central,45.48011415525114,20.4,659.1,64.79872724090932,199.92925602570676,-154.44914187045563,-3.417199556963483,False
LowRE,2035,MISO North,43.89034246575343,11.9,409.9,52.98960348941016,199.92925602570676,-156.03891355995333,-3.4696072445213924,False
LowRE,2035,MISO South,46.61784246575343,21.3,607.6,64.32173012204345,199.92925602570676,-153.31141355995334,-3.3796937250151022,False
LowRE,2035,Northern Grid East,35.297682648401825,11.6,468.7,57.4244080077526,199.92925602570676,-164.63157337730493,-3.7528689442824756,False
LowRE,2035,Northern Grid South,43.31506849315068,10.8,978.8,86.50177186334157,199.92925602570676,-156.6141875325561,-3.4885714636073972,False
LowRE,2035,Northern Grid West,34.62480593607307,7.6,381.9,48.015894485576446,199.92925602570676,-165.3044500896337,-3.775050690716682,False
LowRE,2035,NYISO,48.93436073059361,28.6,282.6,29.885275801825088,199.92925602570676,-150.99489529511317,-3.3033284417181705,False
LowRE,2035,PJM East,51.059999999999995,25.0,886.7,84.23447222461185,199.92925602570676,-148.86925602570676,-3.233255588221156,False
LowRE,2035,PJM West,45.66320776255708,12.2,621.8,85.4116327986758,199.92925602570676,-154.26604826314968,-3.4111637767134453,False
LowRE,2035,SERTP,51.692408675799086,26.6,1160.3,99.31999748355994,199.92925602570676,-148.2368473499077,-3.212407892599741,False
LowRE,2035,SPP North,29.976164383561645,6.0,166.9,26.45049555241663,199.92925602570676,-169.95309164214513,-3.928295685367273,False
LowRE,2035,SPP South,28.268150684931506,8.4,183.0,21.740003670508717,199.92925602570676,-171.66110534077526,-3.9846012850038584,False
LowRE,2035,West Connect North,31.961426940639267,14.3,169.3,21.40812598079296,199.92925602570676,-167.9678290850675,-3.862850426466849,False
LowRE,2035,West Connect South,41.01987442922374,10.7,959.1,80.95849048426658,199.92925602570676,-158.90938159648303,-3.5642337830345707,False
LowREHighNG,2035,CAISO,60.25006849315067,12.7,1474.7,120.2653776988817,199.92925602570676,-139.67918753255609,-2.9302999868561566,False
LowREHighNG,2035,ERCOT,41.10351598173516,13.0,877.7,70.7632833035154,199.92925602570676,-158.82574004397162,-3.561476493808806,False
LowREHighNG,2035,FRCC,60.71134703196347,28.9,1379.6,107.41583073813037,199.92925602570676,-139.2179089937433,-2.915093689185256,False
LowREHighNG,2035,ISONE,42.341255707762556,19.7,292.0,32.0763101430916,199.92925602570676,-157.5880003179442,-3.5206737312057363,False
LowREHighNG,2035,MISO Central,47.0639497716895,21.3,606.5,55.524927117748355,199.92925602570676,-152.86530625401727,-3.3649875552793813,False
LowREHighNG,2035,MISO North,44.53658675799087,12.6,386.3,48.54061894604195,199.92925602570676,-155.3926692677159,-3.448303450286408,False
LowREHighNG,2035,MISO South,49.21638127853881,19.5,531.5,54.85015246966913,199.92925602570676,-150.71287474716794,-3.294031481117311,False
LowREHighNG,2035,Northern Grid East,38.012168949771684,11.4,520.9,60.453038306615625,199.92925602570676,-161.9170870759351,-3.6633844284226127,False
LowREHighNG,2035,Northern Grid South,48.01412100456621,9.9,1006.3,88.46140528000453,199.92925602570676,-151.91513502114054,-3.3336646443053843,False
LowREHighNG,2035,Northern Grid West,38.40914383561643,7.4,378.8,48.32925359601843,199.92925602570676,-161.52011219009034,-3.6502979356116487,False
LowREHighNG,2035,NYISO,51.08794520547946,27.3,325.5,36.301462175121706,199.92925602570676,-148.8413108202273,-3.2323343593383025,False
LowREHighNG,2035,PJM East,49.44415525114155,27.1,539.4,51.37200695183129,199.92925602570676,-150.4851007745652,-3.286522788347872,False
LowREHighNG,2035,PJM West,43.184668949771684,14.7,420.0,54.923024622469214,199.92925602570676,-156.74458707593507,-3.492870155408395,False
LowREHighNG,2035,SERTP,53.47598173515981,25.6,893.8,81.42537904330993,199.92925602570676,-146.45327429054694,-3.1536114375809614,False
LowREHighNG,2035,SPP North,30.937111872146115,6.4,168.5,26.8225572215867,199.92925602570676,-168.99214415356064,-3.8966175292685152,False
LowREHighNG,2035,SPP South,30.159828767123287,8.7,183.3,22.36278391230794,199.92925602570676,-169.76942725858348,-3.92224108916783,False
LowREHighNG,2035,West Connect North,35.40864155251142,13.9,216.0,26.2027993899796,199.92925602570676,-164.52061447319534,-3.749211123718203,False
LowREHighNG,2035,West Connect South,45.0125799086758,10.4,924.4,78.58389642807842,199.92925602570676,-154.91667611703096,-3.4326120774398574,False
MidCase,2035,CAISO,55.85293378995434,12.1,1618.3,131.18645981185796,199.92925602570676,-144.07632223575243,-3.0752539215610595,False
MidCase,2035,ERCOT,41.91115296803653,12.7,1186.4,97.1544582626783,199.92925602570676,-158.01810305767023,-3.53485230172015,False
MidCase,2035,FRCC,55.84365296803652,28.7,1547.9,120.44713182445656,199.92925602570676,-144.08560305767026,-3.0755598688983796,False
MidCase,2035,ISONE,36.801792237442925,16.7,324.8,35.416340039098536,199.92925602570676,-163.12746378826384,-3.703285154411221,False
MidCase,2035,MISO Central,48.9786301369863,21.4,858.7,81.2711925431938,199.92925602570676,-150.95062588872048,-3.3018690766823435,False
MidCase,2035,MISO North,47.530913242009134,13.3,456.0,60.979037371127525,199.92925602570676,-152.39834278369761,-3.349593850752412,False
MidCase,2035,MISO South,49.93254566210046,21.4,753.0,81.25014845875565,199.92925602570676,-149.9967103636063,-3.2704227330802507,False
MidCase,2035,Northern Grid East,37.84519406392695,12.3,610.6,67.9658099126732,199.92925602570676,-162.0840619617798,-3.668888846261462,False
MidCase,2035,Northern Grid South,45.65571917808219,10.8,1157.9,102.62003921762144,199.92925602570676,-154.27353684762457,-3.411410641969633,False
MidCase,2035,Northern Grid West,37.67408675799087,7.2,479.7,57.18581576624505,199.92925602570676,-162.2551692677159,-3.6745294915740008,False
MidCase,2035,NYISO,50.40365296803653,30.4,304.6,32.34632131537619,199.92925602570676,-149.52560305767022,-3.2548924247606035,False
MidCase,2035,PJM East,52.76474885844749,25.6,959.0,91.71039636124146,199.92925602570676,-147.16450716725927,-3.177057615815164,False
MidCase,2035,PJM West,47.884417808219176,13.1,707.1,93.22630072283629,199.92925602570676,-152.04483821748758,-3.3379403806481074,False
MidCase,2035,SERTP,54.36528538812786,26.9,1338.4,114.54140113765017,199.92925602570676,-145.5639706375789,-3.124295059451482,False
MidCase,2035,SPP North,30.307671232876714,6.9,159.5,25.484132372831958,199.92925602570676,-169.62158479283005,-3.9173673819530253,False
MidCase,2035,SPP South,28.979623287671235,9.5,192.7,22.214605249424718,199.92925602570676,-170.94963273803552,-3.9611472040709064,False
MidCase,2035,West Connect North,33.660022831050235,14.6,207.5,24.442149106973293,199.92925602570676,-166.26923319465652,-3.80685528999544,False
MidCase,2035,West Connect South,44.49980593607307,10.5,1221.4,102.20884381759024,199.92925602570676,-155.4294500896337,-3.4495159500660457,False
HighDemand,2040,CAISO,55.18755707762557,9.0,1634.9,132.9791138300925,199.92925602570676,-144.7416989480812,-3.097188426420089,False
HighDemand,2040,ERCOT,41.65124429223744,11.4,1008.2,85.81941757109338,199.92925602570676,-158.27801173346933,-3.543420332441073,False
HighDemand,2040,FRCC,54.28189497716895,23.6,1358.9,109.93544145836913,199.92925602570676,-145.64736104853782,-3.127044069659507,False
HighDemand,2040,ISONE,45.62278538812786,19.1,421.8,46.774994773673995,199.92925602570676,-154.3064706375789,-3.4124963222502847,False
HighDemand,2040,MISO Central,46.6459703196347,19.4,539.7,57.688485688410566,199.92925602570676,-153.28328570607206,-3.378766475028439,False
HighDemand,2040,MISO North,45.082499999999996,13.7,477.8,57.820816083112526,199.92925602570676,-154.84675602570678,-3.430307123637782,False
HighDemand,2040,MISO South,46.57481735159817,19.9,615.6,61.39836484807122,199.92925602570676,-153.3544386741086,-3.3811120712812297,False
HighDemand,2040,Northern Grid East,37.47809360730594,10.7,479.7,54.96179530934139,199.92925602570676,-162.45116241840083,-3.680990512280586,False
HighDemand,2040,Northern Grid South,44.001461187214616,8.2,1082.4,94.56132838868147,199.92925602570676,-155.92779483849216,-3.4659441554912864,False
HighDemand,2040,Northern Grid West,38.21567351598174,5.8,396.9,54.2655226808835,199.92925602570676,-161.71358250972503,-3.656675789821862,False
HighDemand,2040,NYISO,60.41236301369864,29.0,437.2,59.96539909000416,199.92925602570676,-139.51689301200813,-2.9249498598024246,False
HighDemand,2040,PJM East,51.504155251141555,23.6,913.5,86.34674501929968,199.92925602570676,-148.4251007745652,-3.2186137690323973,False
HighDemand,2040,PJM West,48.94381278538813,14.7,775.1,89.71304529423216,199.92925602570676,-150.98544324031863,-3.30301684959603,False
HighDemand,2040,SERTP,52.07327625570777,22.6,1081.1,100.15530034165153,199.92925602570676,-147.855979769999,-3.199852385880976,False
HighDemand,2040,SPP North,36.21261415525114,8.3,305.4,40.41127904984859,199.92925602570676,-163.71664187045562,-3.7227077300247244,False
HighDemand,2040,SPP South,29.812146118721458,10.2,180.3,24.71592804341246,199.92925602570676,-170.11710990698532,-3.933702636588205,False
HighDemand,2040,West Connect North,36.334965753424655,12.0,232.8,33.74807554125943,199.92925602570676,-163.5942902722821,-3.718674343110335,False
HighDemand,2040,West Connect South,42.69947488584475,8.2,1081.0,92.05335269143318,199.92925602570676,-157.229781139862,-3.5088648413593484,False
HighNG,2040,CAISO,60.646004566210046,8.7,1510.9,124.0586614907876,199.92925602570676,-139.2832514594967,-2.9172477390731046,False
HighNG,2040,ERCOT,45.22409817351598,10.3,1147.2,94.28089976070972,199.92925602570676,-154.70515785219078,-3.4256392629094647,False
HighNG,2040,FRCC,61.18566210045661,21.3,1424.1,115.75679987283281,199.92925602570676,-138.74359392525014,-2.899457635229955,False
HighNG,2040,ISONE,47.46704337899544,18.0,447.2,49.38029936352143,199.92925602570676,-152.46221264671132,-3.3516993554907977,False
HighNG,2040,MISO Central,51.466700913242,16.8,809.9,73.9386371341949,199.92925602570676,-148.46255511246477,-3.219848471632335,False
HighNG,2040,MISO North,49.12825342465754,10.6,565.8,67.63503558439209,199.92925602570676,-150.80100260104922,-3.296936663705395,False
HighNG,2040,MISO South,52.03146118721462,14.5,741.5,76.63877515478481,199.92925602570676,-147.89779483849213,-3.201230842334364,False
HighNG,2040,Northern Grid East,40.03385844748859,9.6,500.3,65.53040032919198,199.92925602570676,-159.89539757821817,-3.596738335631182,False
HighNG,2040,Northern Grid South,50.7968493150685,7.8,1177.3,103.73263863818516,199.92925602570676,-149.13240671063826,-3.241930493534698,False
HighNG,2040,Northern Grid West,41.40174657534246,6.3,403.1,55.978303122419284,199.92925602570676,-158.5275094503643,-3.5516451602448535,False
HighNG,2040,NYISO,57.26593607305936,24.9,539.6,60.85633439124716,199.92925602570676,-142.6633199526474,-3.0286735335337838,False
HighNG,2040,PJM East,55.756267123287664,23.8,874.5,83.74736951906272,199.92925602570676,-144.1729889024191,-3.0784405907522383,False
HighNG,2040,PJM West,49.50262557077625,12.5,630.3,83.47583442976564,199.92925602570676,-150.42663045493052,-3.284595282490856,False
HighNG,2040,SERTP,57.0795890410959,20.8,1117.9,102.65240293186027,199.92925602570676,-142.84966698461085,-3.034816564695428,False
HighNG,2040,SPP North,36.81401826484018,5.3,319.2,44.36749846370209,199.92925602570676,-163.1152377608666,-3.702882116774974,False
HighNG,2040,SPP South,33.31197488584475,8.7,277.7,32.60960925455147,199.92925602570676,-166.61728113986203,-3.818328879623435,False
HighNG,2040,West Connect North,36.614851598173516,11.5,208.7,30.643641615173028,199.92925602570676,-163.31440442753325,-3.709447754160248,False
HighNG,2040,West Connect South,47.28996575342465,7.3,1076.4,92.8442655335513,199.92925602570676,-152.6392902722821,-3.3575368156341097,False
HighRE,2040,CAISO,56.17619863013699,8.7,1699.9,138.41540937828347,199.92925602570676,-143.75305739556978,-3.0645973204562162,False
HighRE,2040,ERCOT,42.82705479452055,10.2,1253.2,104.79879479901362,199.92925602570676,-157.1022012311862,-3.5046591003484115,False
HighRE,2040,FRCC,55.76276255707762,24.9,1603.7,124.244848534438,199.92925602570676,-144.16649346862914,-3.078226465248013,False
HighRE,2040,ISONE,43.43595890410959,17.3,504.2,55.33229517746049,199.92925602570676,-156.49329712159718,-3.4845862455234817,False
HighRE,2040,MISO Central,49.615867579908674,20.7,967.2,87.97472418400568,199.92925602570676,-150.3133884457981,-3.280862198128964,False
HighRE,2040,MISO North,48.75570776255708,14.1,567.5,68.50455035598907,199.92925602570676,-151.17354826314968,-3.30921783388184,False
HighRE,2040,MISO South,49.94558219178083,17.8,850.1,90.1817002269609,199.92925602570676,-149.98367383392593,-3.2699929767958476,False
HighRE,2040,Northern Grid East,40.80626712328767,11.2,769.8,82.20860216597711,199.92925602570676,-159.12298890241908,-3.5712754639397835,False
HighRE,2040,Northern Grid South,47.45801369863015,8.6,1367.4,120.77114681834054,199.92925602570676,-152.47124232707662,-3.3519970238103793,False
HighRE,2040,Northern Grid West,41.489257990867586,5.6,494.3,66.41566819389234,199.92925602570676,-158.43999803483916,-3.5487602988821254,False
HighRE,2040,NYISO,55.77139269406393,26.4,617.3,70.68796989597834,199.92925602570676,-144.15786333164283,-3.077941968093015,False
HighRE,2040,PJM East,53.47567351598173,24.6,1085.9,101.96015653791375,199.92925602570676,-146.45358250972504,-3.1536215981936397,False
HighRE,2040,PJM West,51.05545662100457,14.0,670.5,105.16156926648908,199.92925602570676,-148.8737994047022,-3.2334053631784174,False
HighRE,2040,SERTP,54.20307077625571,23.9,1321.4,118.91086654924649,199.92925602570676,-145.72618524945105,-3.1296425522722964,False
HighRE,2040,SPP North,35.55166666666667,7.4,317.1,41.22155797602852,199.92925602570676,-164.3775893590401,-3.744496223116373,False
HighRE,2040,SPP South,31.107705479452054,10.3,267.3,30.899793466748072,199.92925602570676,-168.8215505462547,-3.89099381831044,False
HighRE,2040,West Connect North,38.4920205479452,12.2,313.5,40.492148559988074,199.92925602570676,-161.43723547776156,-3.6475658597580862,False
HighRE,2040,West Connect South,46.80263698630137,7.8,1457.3,122.65884893679035,199.92925602570676,-153.1266190394054,-3.3736018732358386,False
HighRELowNG,2040,CAISO,54.20550228310502,8.9,1711.2,139.1708956162166,199.92925602570676,-145.72375374260173,-3.129562396327832,False
HighRELowNG,2040,ERCOT,41.6162100456621,11.2,1279.0,105.700770495551,199.92925602570676,-158.31304598004465,-3.5445752554155314,False
HighRELowNG,2040,FRCC,53.96479452054795,25.7,1611.9,123.99604714692644,199.92925602570676,-145.96446150515882,-3.1374974585107793,False
HighRELowNG,2040,ISONE,42.718812785388124,16.4,501.4,55.322169026576795,199.92925602570676,-157.21044324031863,-3.5082273569935176,False
HighRELowNG,2040,MISO Central,48.479417808219175,20.8,993.5,89.93414399212973,199.92925602570676,-151.44983821748758,-3.3183258823506776,False
HighRELowNG,2040,MISO North,47.80974885844749,14.3,559.8,67.99166851277839,199.92925602570676,-152.11950716725926,-3.3404018831492293,False
HighRELowNG,2040,MISO South,48.245091324200914,19.4,848.6,89.89045208167707,199.92925602570676,-151.68416470150584,-3.3260505822192807,False
HighRELowNG,2040,Northern Grid East,40.055742009132416,11.7,808.5,84.00636589216514,199.92925602570676,-159.87351401657435,-3.5960169321310054,False
HighRELowNG,2040,Northern Grid South,45.42417808219179,9.1,1362.5,120.72029260052898,199.92925602570676,-154.50507794351498,-3.4190435200051423,False
HighRELowNG,2040,Northern Grid West,40.35957762557078,5.8,496.3,66.77583215406051,199.92925602570676,-159.56967840013598,-3.5860008259438976,False
HighRELowNG,2040,NYISO,54.8813698630137,27.0,591.0,68.01122278423976,199.92925602570676,-145.04788616269306,-3.1072820543187447,False
HighRELowNG,2040,PJM East,51.44631278538813,24.2,1065.8,99.88113490390525,199.92925602570676,-148.48294324031863,-3.2205205773450705,False
HighRELowNG,2040,PJM West,50.03829908675799,14.2,656.2,103.40253789216531,199.92925602570676,-149.89095693894876,-3.2669365139745494,False
HighRELowNG,2040,SERTP,52.27028538812786,24.7,1319.9,118.25441579757738,199.92925602570676,-147.6589706375789,-3.193357872784452,False
HighRELowNG,2040,SPP North,35.20415525114156,7.0,329.8,43.19328293260938,199.92925602570676,-164.7251007745652,-3.7559521257519277,False
HighRELowNG,2040,SPP South,30.456335616438356,10.1,284.4,31.813385347322352,199.92925602570676,-169.4729204092684,-3.912466579771078,False
HighRELowNG,2040,West Connect North,37.87150684931506,12.7,320.4,41.46021078758914,199.92925602570676,-162.0577491763917,-3.6680214309939068,False
HighRELowNG,2040,West Connect South,45.6584703196347,8.3,1494.9,125.49299954620179,199.92925602570676,-154.27078570607205,-3.411319949093504,False
LowNG,2040,CAISO,52.63423515981735,9.5,1573.0,128.33748101116734,199.92925602570676,-147.2950208658894,-3.181360070806042,False
LowNG,2040,ERCOT,39.83568493150685,10.5,1196.1,98.77520185025321,199.92925602570676,-160.09357109419992,-3.603271233264493,False
LowNG,2040,FRCC,52.94720319634703,24.7,1488.5,116.78354217427855,199.92925602570676,-146.98205282935973,-3.1710429094284596,False
LowNG,2040,ISONE,41.16764840182648,15.5,479.4,51.94847000216538,199.92925602570676,-158.76160762388028,-3.559362333733694,False
LowNG,2040,MISO Central,46.785559360730595,18.9,886.6,81.64759916950244,199.92925602570676,-153.14369666497618,-3.374164846442027,False
LowNG,2040,MISO North,45.912020547945204,11.5,549.6,65.93978641147122,199.92925602570676,-154.01723547776157,-3.40296152804895,False
LowNG,2040,MISO South,46.703949771689494,17.5,789.9,84.23493855002897,199.92925602570676,-153.22530625401726,-3.376855150887911,False
LowNG,2040,Northern Grid East,36.55441780821917,10.4,619.7,69.44343443051908,199.92925602570676,-163.3748382174876,-3.7114399868832173,False
LowNG,2040,Northern Grid South,43.04316210045663,8.3,1193.1,105.12864147880539,199.92925602570676,-156.88609392525012,-3.4975350055848056,False
LowNG,2040,Northern Grid West,36.87275114155252,6.2,433.0,58.33761148600796,199.92925602570676,-163.05650488415424,-3.700945955581229,False
LowNG,2040,NYISO,51.702568493150686,24.6,546.6,60.24811046148334,199.92925602570676,-148.22668753255607,-3.2120729687003378,False
LowNG,2040,PJM East,50.57657534246575,23.2,999.3,94.18693587563821,199.92925602570676,-149.352680683241,-3.249191944728957,False
LowNG,2040,PJM West,46.61392694063927,12.1,741.3,94.8246946099317,199.92925602570676,-153.3153290850675,-3.379822802428019,False
LowNG,2040,SERTP,51.038561643835614,22.6,1149.0,105.79905796351714,199.92925602570676,-148.89069438187116,-3.2339623152807966,False
LowNG,2040,SPP North,33.48602739726028,5.7,313.6,42.39822082313462,199.92925602570676,-166.4432286284465,-3.8125911440119657,False
LowNG,2040,SPP South,28.509075342465753,8.4,256.7,29.23650129240514,199.92925602570676,-171.420180683241,-3.9766590727601367,False
LowNG,2040,West Connect North,34.367043378995426,11.7,242.6,33.023747259195375,199.92925602570676,-165.56221264671134,-3.783547973467843,False
LowNG,2040,West Connect South,42.549840182648396,8.0,1254.9,105.4358290738299,199.92925602570676,-157.37941584305838,-3.513797630655284,False
LowRE,2040,CAISO,53.593184931506855,9.7,1494.8,122.79456484555672,199.92925602570676,-146.3360710941999,-3.149747770530202,False
LowRE,2040,ERCOT,39.17196347031964,10.2,1056.9,85.95224001309141,199.92925602570676,-160.75729255538712,-3.625151171870247,False
LowRE,2040,FRCC,51.990799086757995,24.0,1254.8,99.67816366990047,199.92925602570676,-147.93845693894878,-3.202571290569955,False
LowRE,2040,ISONE,39.23155251141553,15.0,413.4,45.14134630238153,199.92925602570676,-160.69770351429122,-3.623186786752396,False
LowRE,2040,MISO Central,44.83649543378995,17.5,684.5,65.32230599184666,199.92925602570676,-155.09276059191683,-3.4384167978312052,False
LowRE,2040,MISO North,43.44528538812785,9.8,512.8,60.935483347065286,199.92925602570676,-156.48397063757892,-3.48427879291021,False
LowRE,2040,MISO South,44.41980593607306,16.3,630.8,65.72641208717201,199.92925602570676,-155.5094500896337,-3.4521531935346097,False
LowRE,2040,Northern Grid East,34.830547945205474,9.4,478.2,59.7457877284912,199.92925602570676,-165.0987080805013,-3.7682682935942657,False
LowRE,2040,Northern Grid South,42.535171232876706,7.9,996.6,87.97608364667238,199.92925602570676,-157.39408479283006,-3.514281200554984,False
LowRE,2040,Northern Grid West,34.85134703196348,6.2,369.4,49.700743937663496,199.92925602570676,-165.07790899374328,-3.767582640397959,False
LowRE,2040,NYISO,50.743710045662105,23.8,516.3,56.294067399357594,199.92925602570676,-149.18554598004465,-3.2436822584242737,False
LowRE,2040,PJM East,50.28143835616439,22.3,921.1,87.07614246722363,199.92925602570676,-149.64781766954238,-3.258921295847138,False
LowRE,2040,PJM West,45.310079908675796,11.0,726.8,89.04233137249565,199.92925602570676,-154.61917611703097,-3.422804828291142,False
LowRE,2040,SERTP,49.398504566210036,21.5,988.7,90.87069635215873,199.92925602570676,-150.53075145949674,-3.288027687981261,False
LowRE,2040,SPP North,33.159303652968035,4.8,306.4,42.051320789110875,199.92925602570676,-166.76995237273871,-3.823361769770202,False
LowRE,2040,SPP South,27.707009132420094,7.7,210.8,25.24527323550047,199.92925602570676,-172.22224689328667,-4.003099621182602,False
LowRE,2040,West Connect North,33.048356164383556,11.2,197.3,29.14870113949715,199.92925602570676,-166.8808998613232,-3.8270192140154875,False
LowRE,2040,West Connect South,39.635456621004565,7.8,918.6,78.67964672669846,199.92925602570676,-160.2937994047022,-3.609871868315659,False
LowREHighNG,2040,CAISO,58.82985159817352,9.6,1368.6,112.52010133141076,199.92925602570676,-141.09940442753324,-2.977118208483906,False
LowREHighNG,2040,ERCOT,41.72686073059361,10.6,945.9,77.26768049186204,199.92925602570676,-158.20239529511315,-3.540927595463938,False
LowREHighNG,2040,FRCC,58.37457762557078,22.1,1191.9,96.45494413216201,199.92925602570676,-141.55467840013597,-2.992126562367067,False
LowREHighNG,2040,ISONE,45.590787671232874,17.0,407.5,45.052288528582864,199.92925602570676,-154.3384683544739,-3.413551144373912,False
LowREHighNG,2040,MISO Central,47.086084474885844,16.3,617.3,57.795545338065374,199.92925602570676,-152.84317155082093,-3.3642578727614674,False
LowREHighNG,2040,MISO North,45.73793378995434,10.1,508.4,60.3453884856515,199.92925602570676,-154.1913222357524,-3.408700392617381,False
LowREHighNG,2040,MISO South,47.28078767123287,14.5,555.2,56.670128953352666,199.92925602570676,-152.6484683544739,-3.357839376100538,False
LowREHighNG,2040,Northern Grid East,38.076757990867584,9.1,541.3,62.89899940758739,199.92925602570676,-161.8524980348392,-3.661255215587978,False
LowREHighNG,2040,Northern Grid South,47.69849315068494,7.3,1011.8,89.03310129150442,199.92925602570676,-152.2307628750218,-3.344069488007192,False
LowREHighNG,2040,Northern Grid West,39.00224885844749,6.0,363.6,50.246349541065264,199.92925602570676,-160.92700716725926,-3.6307459062662404,False
LowREHighNG,2040,NYISO,54.37256849315068,21.9,539.7,60.45026171447108,199.92925602570676,-145.55668753255608,-3.124054967937078,False
LowREHighNG,2040,PJM East,50.86567351598174,21.9,625.3,61.9421241764567,199.92925602570676,-149.06358250972502,-3.2396616663554774,False
LowREHighNG,2040,PJM West,44.869383561643836,12.3,567.8,66.05469538050859,199.92925602570676,-155.05987246406292,-3.437332622826506,False
LowREHighNG,2040,SERTP,51.9083904109589,19.8,835.2,76.01956015811304,199.92925602570676,-148.02086561474786,-3.205287937345005,False
LowREHighNG,2040,SPP North,34.96656392694064,5.1,303.3,43.011128055367585,199.92925602570676,-164.96269209876613,-3.763784452851127,False
LowREHighNG,2040,SPP South,29.915970319634702,7.7,207.2,25.614763409759064,199.92925602570676,-170.01328570607205,-3.9302800153914914,False
LowREHighNG,2040,West Connect North,36.45398401826484,11.0,240.2,33.36527639716335,199.92925602570676,-163.47527200744193,-3.7147508413404675,False
LowREHighNG,2040,West Connect South,43.81998858447489,7.5,854.3,73.65190026129893,199.92925602570676,-156.10926744123188,-3.4719264984450153,False
MidCase,2040,CAISO,53.995787671232875,9.0,1528.1,124.82374921047469,199.92925602570676,-145.9334683544739,-3.1364757524581046,False
MidCase,2040,ERCOT,40.76262557077625,9.8,1155.3,95.70016123885533,199.92925602570676,-159.1666304549305,-3.5727141314312667,False
MidCase,2040,FRCC,54.56888127853882,24.8,1488.9,117.78934783388533,199.92925602570676,-145.36037474716795,-3.1175834102988267,False
MidCase,2040,ISONE,41.50405251141553,15.3,479.1,51.797279624508526,199.92925602570676,-158.42520351429124,-3.5482725894735556,False
MidCase,2040,MISO Central,47.959063926940644,18.7,875.9,80.60692889782105,199.92925602570676,-151.97019209876612,-3.3354796307849623,False
MidCase,2040,MISO North,46.5587899543379,11.1,546.1,66.2153602584191,199.92925602570676,-153.37046607136887,-3.3816404231405133,False
MidCase,2040,MISO South,48.19097031963471,16.5,796.7,84.3814561445085,199.92925602570676,-151.73828570607205,-3.327834710541835,False
MidCase,2040,Northern Grid East,36.94558219178083,10.1,576.2,67.05249557720705,199.92925602570676,-162.98367383392593,-3.6985450404371907,False
MidCase,2040,Northern Grid South,44.9043607305936,8.1,1165.1,102.90051908526016,199.92925602570676,-155.02489529511317,-3.4361795814469875,False
MidCase,2040,Northern Grid West,37.487066210045654,6.1,413.7,56.21146536450406,199.92925602570676,-162.4421898156611,-3.6806947255559455,False
MidCase,2040,NYISO,52.902602739726035,25.1,557.3,61.025563923079446,199.92925602570676,-147.02665328598073,-3.1725131877149426,False
MidCase,2040,PJM East,51.99884703196347,23.1,1011.3,95.14034462630089,199.92925602570676,-147.9304089937433,-3.202305985683349,False
MidCase,2040,PJM West,47.58119863013699,12.3,812.6,96.73678719579802,199.92925602570676,-152.34805739556978,-3.347936165609858,False
MidCase,2040,SERTP,52.6868493150685,22.4,1180.4,108.2263506836973,199.92925602570676,-147.24240671063825,-3.179625616589917,False
MidCase,2040,SPP North,33.91721461187215,5.6,306.9,42.091743330790834,199.92925602570676,-166.01204141383462,-3.798376823193683,False
MidCase,2040,SPP South,29.09414383561644,8.5,243.8,28.046507831637214,199.92925602570676,-170.8351121900903,-3.957371971982348,False
MidCase,2040,West Connect North,34.81481735159817,11.6,226.1,31.807324399718418,199.92925602570676,-165.11443867410858,-3.7687868611598603,False
MidCase,2040,West Connect South,43.309075342465746,7.7,1180.1,99.9476222009303,199.92925602570676,-156.62018068324102,-3.4887690310761466,False
HighDemand,2045,CAISO,54.71913242009132,7.4,1636.2,133.20625747768298,199.92925602570676,-145.21012360561545,-3.112630299777535,False
HighDemand,2045,ERCOT,40.904029680365305,9.7,889.0,82.03936671124833,199.92925602570676,-159.02522634534145,-3.568052668125748,False
HighDemand,2045,FRCC,53.26497716894977,19.9,1294.9,109.35807831004597,199.92925602570676,-146.664278856757,-3.160567317756889,False
HighDemand,2045,ISONE,50.18035388127855,18.7,431.1,50.20306925992451,199.92925602570676,-149.7489021444282,-3.2622536004867086,False
HighDemand,2045,MISO Central,46.70768264840183,17.8,490.2,56.01055287570966,199.92925602570676,-153.22157337730494,-3.3767320945788044,False
HighDemand,2045,MISO North,45.25988584474886,12.9,540.9,62.46719903102339,199.92925602570676,-154.6693701809579,-3.4244595028817897,False
HighDemand,2045,MISO South,45.590605022831056,17.3,659.1,63.552276612625334,199.92925602570676,-154.3386510028757,-3.4135571654777217,False
HighDemand,2045,Northern Grid East,37.203321917808225,9.3,405.5,50.193242865706736,199.92925602570676,-162.72593410789852,-3.690048510324006,False
HighDemand,2045,Northern Grid South,43.771780821917815,6.9,1074.1,92.7441734094109,199.92925602570676,-156.15747520378895,-3.473515693531736,False
HighDemand,2045,Northern Grid West,38.83881278538813,5.6,390.2,55.36129741578098,199.92925602570676,-161.09044324031862,-3.6361336652187806,False
HighDemand,2045,NYISO,68.74446347031963,26.1,556.4,85.14933091988938,199.92925602570676,-131.18479255538713,-2.6502776409445854,False
HighDemand,2045,PJM East,51.343333333333334,22.2,880.1,84.31039616062206,199.92925602570676,-148.58592269237343,-3.223915350936666,False
HighDemand,2045,PJM West,49.328972602739725,14.8,778.9,83.70273131195565,199.92925602570676,-150.60028342296704,-3.2903198469377397,False
HighDemand,2045,SERTP,50.715148401826475,19.8,974.0,92.74703482060494,199.92925602570676,-149.2141076238803,-3.2446238085324866,False
HighDemand,2045,SPP North,37.63888127853881,8.0,353.4,47.48757751166661,199.92925602570676,-162.29037474716796,-3.6756900593332835,False
HighDemand,2045,SPP South,29.90964611872146,9.6,183.2,27.559179401447366,199.92925602570676,-170.0196099069853,-3.930488496110895,False
HighDemand,2045,West Connect North,36.34222602739726,10.5,255.8,36.496158599685344,199.92925602570676,-163.5870299983095,-3.718435004233906,False
HighDemand,2045,West Connect South,42.18553652968037,6.7,1053.7,91.06063508601954,199.92925602570676,-157.7437194960264,-3.525807098522325,False
HighNG,2045,CAISO,60.69392694063927,7.2,1542.4,127.10869644511502,199.92925602570676,-139.2353290850675,-2.9156679519610877,False
HighNG,2045,ERCOT,44.397602739726025,8.6,1114.8,92.88142985827675,199.92925602570676,-155.53165328598072,-3.452885133966452,False
HighNG,2045,FRCC,60.47390410958903,18.0,1384.0,116.356163413074,199.92925602570676,-139.45535191611773,-2.92292112413761,False
HighNG,2045,ISONE,50.8790296803653,16.6,544.3,59.72789459237179,199.92925602570676,-149.05022634534146,-3.2392213731394084,False
HighNG,2045,MISO Central,51.07775114155251,14.3,791.1,74.19125775717136,199.92925602570676,-148.85150488415425,-3.2326704121946706,False
HighNG,2045,MISO North,49.169372146118725,9.3,632.0,73.8370903879439,199.92925602570676,-150.75988387958805,-3.29558116271028,False
HighNG,2045,MISO South,50.939954337899536,11.9,779.8,80.24914662342441,199.92925602570676,-148.98930168780723,-3.237212958699952,False
HighNG,2045,Northern Grid East,39.86753424657534,8.2,486.8,65.5050783408478,199.92925602570676,-160.06172177913143,-3.6022213032877097,False
HighNG,2045,Northern Grid South,50.66559360730594,6.4,1213.3,106.7113847847743,199.92925602570676,-149.26366241840083,-3.2462574092598016,False
HighNG,2045,Northern Grid West,41.87068493150685,5.5,416.3,57.23900713176646,199.92925602570676,-158.05857109419992,-3.536186352532943,False
HighNG,2045,NYISO,62.4371689497717,21.6,760.1,86.856422633653,199.92925602570676,-137.49208707593505,-2.8582010319272424,False
HighNG,2045,PJM East,56.1612100456621,20.9,938.5,91.17680122760083,199.92925602570676,-143.76804598004466,-3.0650914272875833,False
HighNG,2045,PJM West,50.12208904109589,11.0,746.5,88.32559731510281,199.92925602570676,-149.8071669846109,-3.26417433260194,False
HighNG,2045,SERTP,56.016278538812784,17.6,1120.2,101.60970238402835,199.92925602570676,-143.91297748689396,-3.069869173160424,False
HighNG,2045,SPP North,38.43098173515982,4.6,382.7,52.9947665758075,199.92925602570676,-161.49827429054693,-3.6495780373874234,False
HighNG,2045,SPP South,32.8987100456621,7.9,291.6,34.493841875492095,199.92925602570676,-167.03054598004468,-3.8319523796304096,False
HighNG,2045,West Connect North,36.9396803652968,9.9,237.9,35.88436175577455,199.92925602570676,-162.98957566040997,-3.6987395973540353,False
HighNG,2045,West Connect South,46.931232876712336,5.9,1073.7,93.9083692825675,199.92925602570676,-152.99802314899443,-3.3693626398349603,False
HighRE,2045,CAISO,55.300878995433784,7.3,1666.7,136.08504202324875,199.92925602570676,-144.628377030273,-3.093452707825282,False
HighRE,2045,ERCOT,42.46401826484018,8.8,1245.7,105.31595090876318,199.92925602570676,-157.4652377608666,-3.516626796807775,False
HighRE,2045,FRCC,55.23434931506849,21.3,1596.1,125.2986752792924,199.92925602570676,-144.69490671063826,-3.095645894887893,False
HighRE,2045,ISONE,48.36235159817351,17.5,585.0,63.97543649942455,199.92925602570676,-151.56690442753325,-3.3221850335735814,False
HighRE,2045,MISO Central,49.024509132420086,18.7,984.9,87.94211896794296,199.92925602570676,-150.90474689328667,-3.3003566506691926,False
HighRE,2045,MISO North,48.337739726027394,13.2,624.0,72.85069741962573,199.92925602570676,-151.59151629967937,-3.3229963773119104,False
HighRE,2045,MISO South,49.23665525114155,14.9,882.6,93.27166208173013,199.92925602570676,-150.69260077456522,-3.2933631385944566,False
HighRE,2045,Northern Grid East,40.49111872146119,9.9,749.0,82.099600225555,199.92925602570676,-159.43813730424557,-3.5816645022440925,False
HighRE,2045,Northern Grid South,47.249063926940636,7.2,1376.4,121.418133548391,199.92925602570676,-152.68019209876613,-3.3588851665684505,False
HighRE,2045,Northern Grid West,41.847614155251144,5.3,499.9,66.12841011580976,199.92925602570676,-158.08164187045563,-3.53694689320788,False
HighRE,2045,NYISO,61.955057077625575,24.4,846.9,96.38838826453207,199.92925602570676,-137.97419894808118,-2.8740941117514125,False
HighRE,2045,PJM East,53.30295662100457,23.3,1130.4,105.67807011776603,199.92925602570676,-146.6262994047022,-3.159315304483501,False
HighRE,2045,PJM West,51.342351598173515,14.2,779.8,105.98696712092868,199.92925602570676,-148.58690442753326,-3.2239477143696416,False
HighRE,2045,SERTP,53.444874429223745,21.0,1290.4,118.20029733922044,199.92925602570676,-146.48438159648302,-3.154636906823517,False
HighRE,2045,SPP North,37.24932648401827,7.1,394.4,51.027090794794155,199.92925602570676,-162.6799295416885,-3.688531944801988,False
HighRE,2045,SPP South,31.658310502283108,9.7,311.5,36.28537124097491,199.92925602570676,-168.27094552342365,-3.872842824557707,False
HighRE,2045,West Connect North,38.99856164383562,10.6,324.9,44.789887942012896,199.92925602570676,-160.93069438187115,-3.6308674572993938,False
HighRE,2045,West Connect South,46.37568493150685,6.3,1441.9,122.59295125107593,199.92925602570676,-153.55357109419992,-3.3876765797095394,False
HighRELowNG,2045,CAISO,52.49724885844749,7.4,1666.0,135.9020922437222,199.92925602570676,-147.43200716725926,-3.18587589866317,False
HighRELowNG,2045,ERCOT,40.95505707762557,9.4,1275.2,106.98352084511349,199.92925602570676,-158.9741989480812,-3.5663705222489672,False
HighRELowNG,2045,FRCC,53.23743150684932,23.2,1607.7,125.02628342677563,199.92925602570676,-146.69182451885746,-3.16147537547516,False
HighRELowNG,2045,ISONE,47.33746575342465,16.3,577.7,63.87637201855936,199.92925602570676,-152.5917902722821,-3.3559709523246517,False
HighRELowNG,2045,MISO Central,47.438047945205476,19.4,1024.1,90.26051794199675,199.92925602570676,-152.49120808050128,-3.352655205720556,False
HighRELowNG,2045,MISO North,47.2036187214612,13.5,622.2,72.36265019537046,199.92925602570676,-152.72563730424557,-3.360383292460052,False
HighRELowNG,2045,MISO South,46.99456621004566,16.5,881.2,92.7643710151406,199.92925602570676,-152.9346898156611,-3.367274822089015,False
HighRELowNG,2045,Northern Grid East,39.416495433789954,10.5,790.4,83.89977191124605,199.92925602570676,-160.51276059191682,-3.617090042826289,False
HighRELowNG,2045,Northern Grid South,44.66578767123287,7.8,1367.0,121.07562676636515,199.92925602570676,-155.2634683544739,-3.444044271979161,False
HighRELowNG,2045,Northern Grid West,40.4349200913242,5.4,504.8,66.51067657963173,199.92925602570676,-159.49433593438255,-3.5835171206224783,False
HighRELowNG,2045,NYISO,60.64842465753424,24.7,820.8,94.02080047614905,199.92925602570676,-139.28083136817253,-2.91716795944763,False
HighRELowNG,2045,PJM East,50.90900684931507,23.1,1114.8,103.88284242211792,199.92925602570676,-149.0202491763917,-3.238233159476675,False
HighRELowNG,2045,PJM West,50.03977168949771,14.5,771.6,104.14922584780328,199.92925602570676,-149.88948433620905,-3.2668879688250856,False
HighRELowNG,2045,SERTP,51.3204908675799,22.1,1316.9,118.46452974326661,199.92925602570676,-148.60876515812686,-3.2246683652318424,False
HighRELowNG,2045,SPP North,36.737831050228316,6.7,416.3,52.90174967843644,199.92925602570676,-163.19142497547844,-3.705393669701513,False
HighRELowNG,2045,SPP South,30.920799086757984,9.9,341.0,38.24461688088961,199.92925602570676,-169.00845693894877,-3.897155289102501,False
HighRELowNG,2045,West Connect North,38.381084474885846,11.2,334.5,45.85241691007299,199.92925602570676,-161.5481715508209,-3.6512229276843824,False
HighRELowNG,2045,West Connect South,44.76816210045663,6.7,1491.8,125.97798074905164,199.92925602570676,-155.16109392525013,-3.440669443293935,False
LowNG,2045,CAISO,51.552100456621005,7.8,1581.2,129.55516312517898,199.92925602570676,-148.37715556908574,-3.217033229282405,False
LowNG,2045,ERCOT,39.00536529680365,9.0,1188.7,99.04685646130604,199.92925602570676,-160.9238907289031,-3.6306431711824905,False
LowNG,2045,FRCC,51.83553652968036,22.5,1463.9,116.26555754270781,199.92925602570676,-148.0937194960264,-3.2076896051270207,False
LowNG,2045,ISONE,45.20110730593607,15.3,556.0,60.40993543285892,199.92925602570676,-154.7281487197707,-3.4263971693514854,False
LowNG,2045,MISO Central,45.735034246575346,17.1,889.3,80.88146548298087,199.92925602570676,-154.19422177913142,-3.4087959776403576,False
LowNG,2045,MISO North,45.28456621004566,10.7,606.4,70.26133816540617,199.92925602570676,-154.6446898156611,-3.423645901229532,False
LowNG,2045,MISO South,45.588150684931506,15.1,822.3,87.20715508722044,199.92925602570676,-154.34110534077524,-3.4136380740601613,False
LowNG,2045,Northern Grid East,35.83175799086758,9.2,593.9,69.3428611886091,199.92925602570676,-164.0974980348392,-3.7352628604245024,False
LowNG,2045,Northern Grid South,42.295125570776264,6.9,1215.2,106.85560975367171,199.92925602570676,-157.6341304549305,-3.522194436236624,False
LowNG,2045,Northern Grid West,36.75971461187214,5.6,443.7,58.84667343290924,199.92925602570676,-163.16954141383462,-3.7046722662013356,False
LowNG,2045,NYISO,56.9991894977169,22.0,772.6,86.08391342852374,199.92925602570676,-142.93006652798988,-3.037466979328574,False
LowNG,2045,PJM East,49.92293378995434,21.7,1042.6,97.8852864411544,199.92925602570676,-150.0063222357524,-3.2707395936682264,False
LowNG,2045,PJM West,46.43260273972602,12.0,842.6,96.99313999694905,199.92925602570676,-153.49665328598076,-3.385800253234903,False
LowNG,2045,SERTP,49.840673515981734,20.1,1129.1,104.57204916003181,199.92925602570676,-150.08858250972503,-3.2734513482964314,False
LowNG,2045,SPP North,34.7950799086758,5.2,387.1,51.602238055805714,199.92925602570676,-165.13417611703096,-3.7694375166902736,False
LowNG,2045,SPP South,28.394189497716894,8.0,288.9,33.15163803443077,199.92925602570676,-171.53506652798987,-3.9804463470563136,False
LowNG,2045,West Connect North,34.67034246575343,10.1,254.7,37.490751820000035,199.92925602570676,-165.25891355995333,-3.773549554273176,False
LowNG,2045,West Connect South,41.647317351598176,6.5,1245.6,105.97970258678454,199.92925602570676,-158.28193867410857,-3.543549786172977,False
LowRE,2045,CAISO,53.20963470319635,8.1,1516.1,124.95075730831466,199.92925602570676,-146.71962132251042,-3.1623917122111687,False
LowRE,2045,ERCOT,38.858835616438355,8.6,1055.3,86.95333312248567,199.92925602570676,-161.07042040926842,-3.6354736017136644,False
LowRE,2045,FRCC,51.49018264840183,21.5,1224.9,100.20864695308262,199.92925602570676,-148.43907337730494,-3.219074383473825,False
LowRE,2045,ISONE,42.98635844748859,14.4,484.5,53.66799421182825,199.92925602570676,-156.94289757821818,-3.499407568869562,False
LowRE,2045,MISO Central,44.324543378995436,15.8,680.2,65.58024869293432,199.92925602570676,-155.60471264671133,-3.4552935754902525,False
LowRE,2045,MISO North,43.12728310502283,8.7,573.9,66.57257184338175,199.92925602570676,-156.80197292068394,-3.494761910961543,False
LowRE,2045,MISO South,43.26520547945206,13.7,667.8,68.64946174268606,199.92925602570676,-156.6640505462547,-3.4902152249473914,False
LowRE,2045,Northern Grid East,34.41574200913242,8.0,475.7,60.89295469438885,199.92925602570676,-165.51351401657433,-3.7819425966646345,False
LowRE,2045,Northern Grid South,42.174920091324196,6.5,1033.9,91.14361582400089,199.92925602570676,-157.75433593438257,-3.5261570751812523,False
LowRE,2045,Northern Grid West,35.20574200913243,5.4,382.9,51.44773732569237,199.92925602570676,-164.72351401657434,-3.755899817412583,False
LowRE,2045,NYISO,55.45057077625571,21.2,749.7,82.27841278075238,199.92925602570676,-144.47868524945105,-3.0885180369344054,False
LowRE,2045,PJM East,49.97724885844748,20.6,961.0,91.26489449698266,199.92925602570676,-149.9520071672593,-3.2689490679228754,False
LowRE,2045,PJM West,45.452796803652966,10.4,835.6,92.62772748249081,199.92925602570676,-154.4764592220538,-3.4181000883019914,False
LowRE,2045,SERTP,48.16560502283105,18.6,960.0,88.79929492577241,199.92925602570676,-151.76365100287572,-3.3286708913333785,False
LowRE,2045,SPP North,34.03586757990867,4.1,364.7,49.76514426161875,199.92925602570676,-165.8933884457981,-3.794465363631436,False
LowRE,2045,SPP South,27.08178082191781,7.1,226.7,27.234332541385918,199.92925602570676,-172.84747520378895,-4.023710612160507,False
LowRE,2045,West Connect North,32.76179223744292,9.4,213.3,32.26767984087172,199.92925602570676,-167.16746378826383,-3.836465949573609,False
LowRE,2045,West Connect South,39.1770890410959,6.3,927.2,80.82411012562636,199.92925602570676,-160.75216698461088,-3.6249822046445943,False
LowREHighNG,2045,CAISO,58.71253424657534,7.9,1412.6,116.73566223877967,199.92925602570676,-141.21672177913143,-2.980985638724547,False
LowREHighNG,2045,ERCOT,40.71421232876713,8.8,920.3,76.31671135191398,199.92925602570676,-159.21504369693963,-3.5743101002597726,False
LowREHighNG,2045,FRCC,57.22928082191781,18.6,1127.3,95.2159745669013,199.92925602570676,-142.69997520378894,-3.029881893804553,False
LowREHighNG,2045,ISONE,48.42832191780822,15.1,489.3,54.755346482484406,199.92925602570676,-151.50093410789856,-3.320010286141385,False
LowREHighNG,2045,MISO Central,46.75738584474886,13.6,607.0,59.54434850260755,199.92925602570676,-153.1718701809579,-3.375093601704643,False
LowREHighNG,2045,MISO North,45.77198630136986,8.6,579.6,67.6041349832306,199.92925602570676,-154.1572697243369,-3.407577833075897,False
LowREHighNG,2045,MISO South,46.041381278538815,11.8,607.6,61.74150919503921,199.92925602570676,-153.88787474716796,-3.3986970812758694,False
LowREHighNG,2045,Northern Grid East,37.26493150684932,7.6,478.3,60.88462067748284,199.92925602570676,-162.66432451885743,-3.688017516745264,False
LowREHighNG,2045,Northern Grid South,46.937089041095895,6.0,1032.4,90.69333456083618,199.92925602570676,-152.99216698461086,-3.3691695881940684,False
LowREHighNG,2045,Northern Grid West,39.09127853881278,5.1,372.9,51.3786405943583,199.92925602570676,-160.83797748689398,-3.6278109944780965,False
LowREHighNG,2045,NYISO,58.89489726027397,18.7,773.7,86.60366936893008,199.92925602570676,-141.03435876543278,-2.9749739428897466,False
LowREHighNG,2045,PJM East,51.67041095890411,18.9,712.5,72.66785453962953,199.92925602570676,-148.25884506680265,-3.2131330592897993,False
LowREHighNG,2045,PJM West,45.607408675799086,10.6,705.8,74.69432587820305,199.92925602570676,-154.32184734990767,-3.413003223927247,False
LowREHighNG,2045,SERTP,50.64703196347032,16.5,833.8,76.31111379978853,199.92925602570676,-149.28222406223645,-3.2468693039344414,False
LowREHighNG,2045,SPP North,36.29521689497717,4.2,366.6,51.76347047410686,199.92925602570676,-163.6340391307296,-3.7199846858268772,False
LowREHighNG,2045,SPP South,29.117157534246573,6.7,219.6,27.193926621889958,199.92925602570676,-170.81209849146018,-3.956613312902351,False
LowREHighNG,2045,West Connect North,35.2209703196347,9.3,231.9,34.51181066078506,199.92925602570676,-164.70828570607205,-3.755397807882466,False
LowREHighNG,2045,West Connect South,42.92357305936073,6.1,840.9,73.67632746382958,199.92925602570676,-157.00568296634603,-3.501477323304078,False
MidCase,2045,CAISO,53.565536529680365,7.4,1544.9,126.61091561425569,199.92925602570676,-146.3637194960264,-3.150659215119364,False
MidCase,2045,ERCOT,40.09852739726027,8.2,1139.4,95.21740412971415,199.92925602570676,-159.83072862844648,-3.5946064885636293,False
MidCase,2045,FRCC,53.80769406392694,22.1,1459.8,117.65435829273927,199.92925602570676,-146.12156196177983,-3.1426763604249284,False
MidCase,2045,ISONE,45.75270547945205,15.1,560.5,60.44767027764965,199.92925602570676,-154.1765505462547,-3.4082134358467884,False
MidCase,2045,MISO Central,47.292477168949766,16.6,871.1,79.74892436703614,199.92925602570676,-152.636778856757,-3.35745402545673,False
MidCase,2045,MISO North,45.99678082191781,9.8,602.9,70.76868537580404,199.92925602570676,-153.93247520378895,-3.400167359562352,False
MidCase,2045,MISO South,47.25428082191781,13.9,842.3,87.61080493576071,199.92925602570676,-152.67497520378896,-3.3587131887908916,False
MidCase,2045,Northern Grid East,36.45832191780822,8.8,547.2,67.08881433123747,199.92925602570676,-163.47093410789853,-3.7146078401249913,False
MidCase,2045,Northern Grid South,44.50890410958904,6.7,1184.2,104.53717508863224,199.92925602570676,-155.42035191611774,-3.4492160238325353,False
MidCase,2045,Northern Grid West,37.70162100456621,5.4,426.9,57.02242456933095,199.92925602570676,-162.22763502114054,-3.673621810174719,False
MidCase,2045,NYISO,58.33409817351598,22.5,787.2,87.06886487803881,199.92925602570676,-141.59515785219077,-2.993460989498849,False
MidCase,2045,PJM East,51.6619406392694,21.7,1051.7,98.67378543850235,199.92925602570676,-148.26731538643736,-3.2134122879789637,False
MidCase,2045,PJM West,47.69439497716895,12.0,910.8,99.68949548884859,199.92925602570676,-152.23486104853782,-3.344204586523919,False
MidCase,2045,SERTP,51.60662100456621,19.7,1128.0,105.93542258155277,199.92925602570676,-148.32263502114057,-3.2152359297952673,False
MidCase,2045,SPP North,35.43713470319634,4.9,383.1,51.4865146041399,199.92925602570676,-164.49212132251043,-3.74827183152392,False
MidCase,2045,SPP South,29.063607305936074,8.1,272.7,31.418401302612473,199.92925602570676,-170.8656487197707,-3.9583786252754996,False
MidCase,2045,West Connect North,34.903253424657535,9.8,237.3,35.89294854699128,199.92925602570676,-165.02600260104924,-3.7658715179590967,False
MidCase,2045,West Connect South,42.65495433789955,6.2,1161.9,99.88906490822669,199.92925602570676,-157.27430168780722,-3.510332485412915,False
HighDemand,2050,CAISO,54.92382420091325,6.3,1731.2,140.50443800084238,199.92925602570676,-145.0054318247935,-3.1058825240020225,False
HighDemand,2050,ERCOT,39.71320776255708,8.6,805.7,77.31906048554777,199.92925602570676,-160.21604826314967,-3.6073087596877524,False
HighDemand,2050,FRCC,52.14512557077625,17.6,1250.8,109.00509415427521,199.92925602570676,-147.7841304549305,-3.197483834169913,False
HighDemand,2050,ISONE,52.967077625570774,18.3,418.8,52.14228648040795,199.92925602570676,-146.962178400136,-3.1703877380701866,False
HighDemand,2050,MISO Central,46.41240867579908,16.2,452.1,55.409956906094656,199.92925602570676,-153.5168473499077,-3.3864659615248414,False
HighDemand,2050,MISO North,45.046529680365296,12.4,577.9,65.75552432172114,199.92925602570676,-154.88272634534147,-3.4314929047692666,False
HighDemand,2050,MISO South,44.59224885844748,15.3,670.1,64.03886931799397,199.92925602570676,-155.3370071672593,-3.446468518900463,False
HighDemand,2050,Northern Grid East,36.73760273972603,8.2,373.8,48.52026290652167,199.92925602570676,-163.19165328598075,-3.705401196081273,False
HighDemand,2050,Northern Grid South,43.58533105022831,6.0,1101.2,93.27905427441233,199.92925602570676,-156.34392497547844,-3.479662111564275,False
HighDemand,2050,Northern Grid West,38.99910958904109,5.1,418.6,56.409513909279,199.92925602570676,-160.93014643666567,-3.6308493939879667,False
HighDemand,2050,NYISO,71.88723744292237,24.3,669.1,94.98544799214152,199.92925602570676,-128.0420185827844,-2.5466743892894157,False
HighDemand,2050,PJM East,51.03688356164383,21.0,842.0,82.25969828939466,199.92925602570676,-148.89237246406293,-3.234017634172046,False
HighDemand,2050,PJM West,49.359874429223744,14.9,746.4,78.37611572826826,199.92925602570676,-150.56938159648303,-3.289301151436969,False
HighDemand,2050,SERTP,49.347100456621,17.6,937.2,88.37055630800484,199.92925602570676,-150.58215556908576,-3.2897222523846463,False
HighDemand,2050,SPP North,38.153847031963465,7.7,379.9,51.732883003274445,199.92925602570676,-161.7754089937433,-3.6587139334613794,False
HighDemand,2050,SPP South,29.700114155251143,8.4,198.2,29.197423925988904,199.92925602570676,-170.22914187045563,-3.9373958311373585,False
HighDemand,2050,West Connect North,35.92134703196347,9.3,266.1,37.78176991502029,199.92925602570676,-164.00790899374329,-3.732309509005941,False
HighDemand,2050,West Connect South,41.65245433789954,5.7,1036.6,91.23706525402933,199.92925602570676,-158.27680168780722,-3.543380442628335,False
HighNG,2050,CAISO,60.499646118721465,6.3,1580.0,130.257318065789,199.92925602570676,-139.4296099069853,-2.922072524819458,False
HighNG,2050,ERCOT,43.304257990867576,7.5,1087.1,91.56902711781589,199.92925602570676,-156.6249980348392,-3.488927837689123,False
HighNG,2050,FRCC,59.695376712328766,15.8,1366.7,117.5942583373951,199.92925602570676,-140.233879313378,-2.948585702806626,False
HighNG,2050,ISONE,53.273413242009134,15.7,598.4,65.26931152664753,199.92925602570676,-146.65584278369764,-3.160289218024688,False
HighNG,2050,MISO Central,50.55737442922374,12.7,777.1,74.76733889985479,199.92925602570676,-149.37188159648304,-3.249824913266932,False
HighNG,2050,MISO North,48.878687214611865,8.5,683.1,78.79634304359384,199.92925602570676,-151.0505688110949,-3.3051637494231043,False
HighNG,2050,MISO South,50.08740867579909,10.3,823.4,84.36329201108228,199.92925602570676,-149.84184734990768,-3.265317589687769,False
HighNG,2050,Northern Grid East,39.4825,7.2,490.3,65.41651309691714,199.92925602570676,-160.44675602570675,-3.6149141664371287,False
HighNG,2050,Northern Grid South,50.35150684931507,5.6,1253.2,109.6640900795723,199.92925602570676,-149.5777491763917,-3.2566114498982164,False
HighNG,2050,Northern Grid West,42.0068607305936,4.9,422.2,58.06132942518517,199.92925602570676,-157.92239529511318,-3.5316972433239724,False
HighNG,2050,NYISO,65.35657534246575,19.5,891.0,101.67550096054437,199.92925602570676,-134.572680683241,-2.7619612139121066,False
HighNG,2050,PJM East,56.23130136986301,19.0,993.5,97.47852175157686,199.92925602570676,-143.69795465584374,-3.0627808287006864,False
HighNG,2050,PJM West,50.18591324200913,9.9,851.6,91.70133413883241,199.92925602570676,-149.74334278369764,-3.262070333139507,False
HighNG,2050,SERTP,54.99929223744292,15.4,1126.2,101.93450072402003,199.92925602570676,-144.92996378826385,-3.1033946791717337,False
HighNG,2050,SPP North,38.63745433789954,4.1,417.7,57.34400778155561,199.92925602570676,-161.2918016878072,-3.6427715558497686,False
HighNG,2050,SPP South,32.56643835616438,7.4,300.6,36.564788456855624,199.92925602570676,-167.36281766954238,-3.8429058964168603,False
HighNG,2050,West Connect North,36.543961187214606,8.7,249.4,38.738869782505155,199.92925602570676,-163.38529483849214,-3.711784695076311,False
HighNG,2050,West Connect South,46.64753424657534,5.1,1096.1,97.17822112277383,199.92925602570676,-153.28172177913143,-3.378714919327072,False
HighRE,2050,CAISO,54.217796803652966,6.4,1641.6,133.9550549392447,199.92925602570676,-145.7114592220538,-3.1291571007776553,False
HighRE,2050,ERCOT,41.988767123287666,7.8,1243.4,105.71501464461454,199.92925602570676,-157.9404889024191,-3.5322937089200996,False
HighRE,2050,FRCC,54.43219178082191,18.8,1580.3,125.45952379077472,199.92925602570676,-145.49706424488485,-3.1220894538622637,False
HighRE,2050,ISONE,51.70510273972603,17.6,634.3,68.53779374513475,199.92925602570676,-148.22415328598072,-3.2119894258849806,False
HighRE,2050,MISO Central,48.39267123287671,17.1,1006.4,88.56825958607588,199.92925602570676,-151.53658479283007,-3.321185530341203,False
HighRE,2050,MISO North,47.69404109589041,12.5,656.3,75.5944643162958,199.92925602570676,-152.23521492981635,-3.3442162524125494,False
HighRE,2050,MISO South,48.513196347031965,13.1,903.1,95.27296198166893,199.92925602570676,-151.4160596786748,-3.3172123544649077,False
HighRE,2050,Northern Grid East,40.183356164383554,9.0,736.7,82.2462326608926,199.92925602570676,-159.7458998613232,-3.591810062163105,False
HighRE,2050,Northern Grid South,46.96994292237442,6.2,1381.4,121.67243138402738,199.92925602570676,-152.95931310333233,-3.3680865421463366,False
HighRE,2050,Northern Grid West,42.00805936073059,4.9,499.9,65.91666919309908,199.92925602570676,-157.92119666497618,-3.531657729830221,False
HighRE,2050,NYISO,65.29902968036531,23.2,985.6,110.6902008289838,199.92925602570676,-134.63022634534144,-2.7638582379310885,False
HighRE,2050,PJM East,53.032168949771695,22.2,1169.6,109.3740567055422,199.92925602570676,-146.89708707593508,-3.168241967200077,False
HighRE,2050,PJM West,51.27833333333333,14.4,906.4,106.01426069729877,199.92925602570676,-148.65092269237343,-3.2260581112548716,False
HighRE,2050,SERTP,52.58666666666667,18.9,1326.6,117.57547253706252,199.92925602570676,-147.3425893590401,-3.1829281920294283,False
HighRE,2050,SPP North,37.9084703196347,7.0,441.6,56.37326385819234,199.92925602570676,-162.02078570607205,-3.6668029101104582,False
HighRE,2050,SPP South,31.85598173515982,8.5,339.4,39.59841232599348,199.92925602570676,-168.07327429054695,-3.866326484959872,False
HighRE,2050,West Connect North,38.9036301369863,9.3,334.1,47.196304253870686,199.92925602570676,-161.02562588872047,-3.6339969260043836,False
HighRE,2050,West Connect South,45.80841324200913,5.4,1419.3,121.96413924350526,199.92925602570676,-154.12084278369764,-3.4063769991848893,False
HighRELowNG,2050,CAISO,51.10357305936073,6.3,1643.9,134.03126624351705,199.92925602570676,-148.82568296634605,-3.231819178643602,False
HighRELowNG,2050,ERCOT,40.2832305936073,8.2,1264.4,107.24067849486104,199.92925602570676,-159.64602543209946,-3.5885176473362703,False
HighRELowNG,2050,FRCC,52.39504566210045,21.0,1594.3,125.22967609373305,199.92925602570676,-147.53421036360632,-3.1892450825635743,False
HighRELowNG,2050,ISONE,50.41921232876713,16.4,624.3,68.54378310834785,199.92925602570676,-149.51004369693965,-3.2543795019798316,False
HighRELowNG,2050,MISO Central,46.45762557077626,17.9,1040.5,90.25048480789849,199.92925602570676,-153.4716304549305,-3.3849753620130003,False
HighRELowNG,2050,MISO North,46.599589041095896,13.1,661.6,75.43992989566046,199.92925602570676,-153.32966698461087,-3.3802954590770646,False
HighRELowNG,2050,MISO South,45.93361872146119,14.5,901.0,94.63293526639215,199.92925602570676,-153.99563730424558,-3.402249532523475,False
HighRELowNG,2050,Northern Grid East,39.00149543378995,9.6,781.2,84.2263484750707,199.92925602570676,-160.9277605919168,-3.630770743319454,False
HighRELowNG,2050,Northern Grid South,44.272431506849315,6.8,1378.5,121.96306683839411,199.92925602570676,-155.65682451885743,-3.4570114716709015,False
HighRELowNG,2050,Northern Grid West,40.57921232876713,5.0,509.9,66.67305952045346,199.92925602570676,-159.35004369693962,-3.578760448612971,False
HighRELowNG,2050,NYISO,63.5198401826484,23.2,958.0,108.32856447096377,199.92925602570676,-136.40941584305835,-2.822510186458439,False
HighRELowNG,2050,PJM East,50.440136986301376,22.0,1159.6,107.93961484528872,199.92925602570676,-149.48911903940538,-3.2536897092746555,False
HighRELowNG,2050,PJM West,49.68873287671233,14.6,895.0,104.06963714973061,199.92925602570676,-150.24052314899444,-3.2784601540279614,False
HighRELowNG,2050,SERTP,50.37425799086758,19.9,1373.2,118.52128305549452,199.92925602570676,-149.55499803483917,-3.2558614461549458,False
HighRELowNG,2050,SPP North,37.34410958904109,6.8,465.1,58.172849525565304,199.92925602570676,-162.58514643666567,-3.6854073682438444,False
HighRELowNG,2050,SPP South,31.07656392694064,9.1,377.2,42.555107810349625,199.92925602570676,-168.8526920987661,-3.8920204165099603,False
HighRELowNG,2050,West Connect North,38.48747716894977,9.9,351.9,48.694271573217755,199.92925602570676,-161.441778856757,-3.6477156347153477,False
HighRELowNG,2050,West Connect South,44.16864155251142,5.8,1489.4,126.46649285321776,199.92925602570676,-155.76061447319535,-3.4604329639106517,False
LowNG,2050,CAISO,50.68578767123287,6.8,1599.8,131.19870386189672,199.92925602570676,-149.2434683544739,-3.2455917009698636,False
LowNG,2050,ERCOT,38.12659817351598,7.9,1178.5,98.79879064170368,199.92925602570676,-161.80265785219078,-3.6596122068859596,False
LowNG,2050,FRCC,50.8928310502283,20.8,1448.3,116.28364357756705,199.92925602570676,-149.03642497547847,-3.2387664034828036,False
LowNG,2050,ISONE,47.75906392694064,15.1,599.5,64.88348679351702,199.92925602570676,-152.1701920987661,-3.3420727394563667,False
LowNG,2050,MISO Central,44.77646118721461,15.7,883.2,79.95911180146729,199.92925602570676,-155.15279483849216,-3.440395859389592,False
LowNG,2050,MISO North,44.66535388127854,10.3,644.1,73.33532177272744,199.92925602570676,-155.26390214442822,-3.4440585721007095,False
LowNG,2050,MISO South,44.62578767123288,13.5,856.5,89.98221012950577,199.92925602570676,-155.3034683544739,-3.4453628937134417,False
LowNG,2050,Northern Grid East,35.212636986301376,8.3,577.8,69.17064161248493,199.92925602570676,-164.71661903940537,-3.755672520743775,False
LowNG,2050,Northern Grid South,41.80366438356164,6.0,1236.7,108.46103202148642,199.92925602570676,-158.12559164214514,-3.5383957213120425,False
LowNG,2050,Northern Grid West,36.57901826484018,5.0,444.8,58.83346687563952,199.92925602570676,-163.35023776086658,-3.7106290194638745,False
LowNG,2050,NYISO,59.83559360730594,20.6,912.5,101.34264479076143,199.92925602570676,-140.0936624184008,-2.9439633766758693,False
LowNG,2050,PJM East,49.41462328767123,20.7,1086.8,101.90614534233883,199.92925602570676,-150.51463273803552,-3.287496325570072,False
LowNG,2050,PJM West,46.313949771689494,11.9,944.1,99.34801766327824,199.92925602570676,-153.61530625401727,-3.389711712797151,False
LowNG,2050,SERTP,48.78135844748858,18.3,1165.4,104.57971783259207,199.92925602570676,-151.1478975782182,-3.308372245115594,False
LowNG,2050,SPP North,35.1159703196347,4.9,424.5,56.050577082630674,199.92925602570676,-164.81328570607207,-3.7588591899349546,False
LowNG,2050,SPP South,28.15590182648402,7.7,310.0,35.796167518381914,199.92925602570676,-171.77335419922275,-3.9883016296137868,False
LowNG,2050,West Connect North,34.57958904109589,9.0,266.4,40.38823186140331,199.92925602570676,-165.34966698461088,-3.776541290228524,False
LowNG,2050,West Connect South,40.994611872146116,5.5,1247.8,107.53544293371284,199.92925602570676,-158.93464415356064,-3.565066576955222,False
LowRE,2050,CAISO,52.572522831050236,7.1,1544.0,127.28062185770715,199.92925602570676,-147.35673319465653,-3.183394451255677,False
LowRE,2050,ERCOT,37.79551369863014,7.6,1023.5,84.942935890673,199.92925602570676,-162.13374232707662,-3.670526586497647,False
LowRE,2050,FRCC,50.900125570776254,19.5,1209.9,101.37205890978936,199.92925602570676,-149.0291304549305,-3.2385259356494114,False
LowRE,2050,ISONE,45.25994292237443,13.9,524.5,58.39433509731856,199.92925602570676,-154.66931310333234,-3.4244576212868494,False
LowRE,2050,MISO Central,43.431015981735165,14.3,662.7,64.97885817302473,199.92925602570676,-156.4982400439716,-3.4847491916453257,False
LowRE,2050,MISO North,42.60493150684931,7.8,609.3,70.03913407634519,199.92925602570676,-157.32432451885745,-3.5119815152187437,False
LowRE,2050,MISO South,42.07310502283105,12.0,691.5,70.49964812854915,199.92925602570676,-157.85615100287572,-3.5295134642360626,False
LowRE,2050,Northern Grid East,33.50495433789954,7.0,459.4,59.410631634865005,199.92925602570676,-166.42430168780723,-3.8119672071297077,False
LowRE,2050,Northern Grid South,41.526575342465755,5.6,1058.1,92.82409976373333,199.92925602570676,-158.40268068324102,-3.5475301121100444,False
LowRE,2050,Northern Grid West,35.04014840182648,4.8,383.0,51.98512114782683,199.92925602570676,-164.88910762388028,-3.7613587006538736,False
LowRE,2050,NYISO,57.961415525114155,19.2,898.3,97.91937741032423,199.92925602570676,-141.96784050059262,-3.0057466755031497,False
LowRE,2050,PJM East,49.548013698630136,19.2,997.7,95.20701151552183,199.92925602570676,-150.38124232707662,-3.283099038194195,False
LowRE,2050,PJM West,45.2711301369863,9.7,929.2,95.51305898712988,199.92925602570676,-154.65812588872046,-3.4240888286785185,False
LowRE,2050,SERTP,46.92280821917809,16.4,962.7,88.22577968624775,199.92925602570676,-153.00644780652868,-3.369640363248174,False
LowRE,2050,SPP North,34.025228310502285,3.7,393.4,53.60209060248496,199.92925602570676,-165.90402771520448,-3.7948160929283383,False
LowRE,2050,SPP South,26.236952054794518,6.5,231.9,28.14026516959378,199.92925602570676,-173.69230397091223,-4.051560851512373,False
LowRE,2050,West Connect North,31.256324200913248,8.2,203.4,31.370429153922753,199.92925602570676,-168.67293182479352,-3.886094521404445,False
LowRE,2050,West Connect South,38.40287671232877,5.4,924.0,82.01200927449898,199.92925602570676,-161.526379313378,-3.650504534736111,False
LowREHighNG,2050,CAISO,58.35271689497716,6.9,1465.2,121.24133032853562,199.92925602570676,-141.5765391307296,-2.9928472132292674,False
LowREHighNG,2050,ERCOT,39.29710045662101,7.6,885.0,74.11223686877292,199.92925602570676,-160.63215556908574,-3.621025963122762,False
LowREHighNG,2050,FRCC,56.49759132420092,16.4,1108.3,97.2448775629586,199.92925602570676,-143.43166470150584,-3.054002435665421,False
LowREHighNG,2050,ISONE,50.28317351598173,14.0,535.2,59.953977802247266,199.92925602570676,-149.64608250972503,-3.2588640953609467,False
LowREHighNG,2050,MISO Central,46.04045662100456,12.0,584.6,60.181615980917314,199.92925602570676,-153.8887994047022,-3.398727563113905,False
LowREHighNG,2050,MISO North,45.288413242009135,7.6,621.5,71.96900645221972,199.92925602570676,-154.64084278369762,-3.4235190817305443,False
LowREHighNG,2050,MISO South,44.9462100456621,10.2,662.5,66.90348044520485,199.92925602570676,-154.98304598004466,-3.434799996036634,False
LowREHighNG,2050,Northern Grid East,36.641164383561645,6.6,464.8,60.69405979611696,199.92925602570676,-163.2880916421451,-3.708580338892691,False
LowREHighNG,2050,Northern Grid South,46.39487442922374,5.2,1081.2,94.5711122472065,199.92925602570676,-153.53438159648303,-3.387043987490554,False
LowREHighNG,2050,Northern Grid West,39.06804794520548,4.5,379.8,52.57267623151612,199.92925602570676,-160.86120808050129,-3.628576803618866,False
LowREHighNG,2050,NYISO,61.48293378995434,16.8,925.5,102.59161152622629,199.92925602570676,-138.44632223575243,-2.889657912461001,False
LowREHighNG,2050,PJM East,51.7758789954338,17.0,777.9,80.36928912171963,199.92925602570676,-148.15337703027296,-3.209656248158798,False
LowREHighNG,2050,PJM West,45.825273972602744,9.5,823.0,81.86653032935345,199.92925602570676,-154.103982053104,-3.4058211760394754,False
LowREHighNG,2050,SERTP,49.44150684931507,14.5,834.8,77.97263314260069,199.92925602570676,-150.4877491763917,-3.2866100943531107,False
LowREHighNG,2050,SPP North,36.22852739726028,3.6,391.7,55.39612163637442,199.92925602570676,-163.70072862844648,-3.7221831413553224,False
LowREHighNG,2050,SPP South,28.348675799086752,5.9,228.2,28.593777591776036,199.92925602570676,-171.58058022662001,-3.9819467308618455,False
LowREHighNG,2050,West Connect North,34.227557077625576,8.2,236.4,36.15287177898523,199.92925602570676,-165.70169894808117,-3.7881462151833634,False
LowREHighNG,2050,West Connect South,42.403139269406395,5.2,870.8,77.6692664308576,199.92925602570676,-157.52611675630038,-3.518633705971279,False
MidCase,2050,CAISO,52.91569634703196,6.4,1563.8,128.17716908583043,199.92925602570676,-147.0135596786748,-3.1720815498355983,False
MidCase,2050,ERCOT,39.15133561643836,7.3,1120.3,93.99177241291468,199.92925602570676,-160.7779204092684,-3.6258311802817347,False
MidCase,2050,FRCC,52.984372146118716,20.1,1438.0,117.64641377755615,199.92925602570676,-146.94488387958805,-3.169817614803225,False
MidCase,2050,ISONE,48.513812785388126,15.1,609.0,65.22429531714329,199.92925602570676,-151.41544324031864,-3.317192033239551,False
MidCase,2050,MISO Central,46.49154109589041,15.2,855.7,78.66283784254404,199.92925602570676,-153.43771492981637,-3.383857318299375,False
MidCase,2050,MISO North,45.47712328767123,9.1,638.4,73.79490401060613,199.92925602570676,-154.45213273803552,-3.4172981525383626,False
MidCase,2050,MISO South,46.379851598173516,12.3,876.7,90.15551144320176,199.92925602570676,-153.54940442753326,-3.3875392232788846,False
MidCase,2050,Northern Grid East,35.910559360730595,7.9,525.9,66.68061455684091,199.92925602570676,-164.01869666497618,-3.7326651304496905,False
MidCase,2050,Northern Grid South,44.14724885844749,5.8,1208.6,106.39977088120432,199.92925602570676,-155.78200716725928,-3.461138185694339,False
MidCase,2050,Northern Grid West,37.625890410958895,4.8,428.7,57.1590674303209,199.92925602570676,-162.30336561474786,-3.676118310341734,False
MidCase,2050,NYISO,61.34221461187214,20.9,925.1,102.2326919007272,199.92925602570676,-138.58704141383464,-2.8942967966272346,False
MidCase,2050,PJM East,51.34205479452055,20.6,1089.0,102.341124296452,199.92925602570676,-148.5872012311862,-3.223957498663331,False
MidCase,2050,PJM West,47.6900799086758,11.8,1004.2,102.523177971885,199.92925602570676,-152.23917611703098,-3.344346835101419,False
MidCase,2050,SERTP,50.571221461187214,17.7,1145.3,105.10596132821017,199.92925602570676,-149.35803456451956,-3.249368438334373,False
MidCase,2050,SPP North,35.885707762557075,4.6,420.4,56.01483735131706,199.92925602570676,-164.0435482631497,-3.733484376886771,False
MidCase,2050,SPP South,28.715388127853885,7.8,287.2,33.290117292137055,199.92925602570676,-171.21386789785288,-3.969857859688316,False
MidCase,2050,West Connect North,34.27277397260274,8.6,241.9,37.35056816881621,199.92925602570676,-165.656482053104,-3.7866556156715228,False
MidCase,2050,West Connect South,42.11122146118722,5.3,1159.3,101.37015587969785,199.92925602570676,-157.81803456451954,-3.528256935134816,False
